arguments: /mnt/hobby-partition/Dev/ThesisWork/FoliageGen/cmake-build-default-system/apps/App --ocad /home/ace/.local/share/godot/app_userdata/ProceduralFoliageGenerator/GenerationCache/2026-4-26-18-8-forestsample.omap --species /home/ace/.local/share/godot/app_userdata/ProceduralFoliageGenerator/GenerationCache/2026-4-26-18-8-five.json --symbol /home/ace/.local/share/godot/app_userdata/ProceduralFoliageGenerator/GenerationCache/2026-4-26-18-8-omap.json --out /home/ace/.local/share/godot/app_userdata/ProceduralFoliageGenerator/GenerationCache/2026-4-26-18-8-instances.json --config /home/ace/.local/share/godot/app_userdata/ProceduralFoliageGenerator/GenerationCache/2026-4-26-18-8-config.json --write_map_data /home/ace/.local/share/godot/app_userdata/ProceduralFoliageGenerator/GenerationCache/2026-4-26-18-8-map_data.json --random_diff 6 --height_map /home/ace/.local/share/godot/app_userdata/ProceduralFoliageGenerator/GenerationCache/heightmap.jpeg
Current dir: /mnt/hobby-partition/Dev/ThesisWork/ProceduralFoliageGenerator
File verbosity level: 0
date       time         ( uptime  ) [ thread name/id ]                   file:line     v| 
2026-04-26 18:08:42.117 (   0.000s) [main thread     ]             loguru.cpp:841   INFO| Logging to 'latest.log', mode: 'w', verbosity: 0
2026-04-26 18:08:42.117 (   0.000s) [main thread     ]                app.cpp:49    INFO| { App initialization started
2026-04-26 18:08:42.117 (   0.000s) [main thread     ]                app.cpp:51    INFO| .   Species descriptor parsing started
2026-04-26 18:08:42.118 (   0.000s) [main thread     ]                app.cpp:57    INFO| .   Species descriptors extracted
2026-04-26 18:08:42.118 (   0.000s) [main thread     ]                app.cpp:59    INFO| .   Height map loading started 
2026-04-26 18:08:42.184 (   0.067s) [main thread     ]                app.cpp:75    INFO| .   Height map loading finished
2026-04-26 18:08:42.184 (   0.067s) [main thread     ]                app.cpp:78    INFO| .   Symbol set extraction started
2026-04-26 18:08:42.185 (   0.067s) [main thread     ]                app.cpp:84    INFO| .   Symbol set extracted: 185
2026-04-26 18:08:42.185 (   0.067s) [main thread     ]                app.cpp:86    INFO| .   Diffusion zones extracted
2026-04-26 18:08:42.185 (   0.067s) [main thread     ]                app.cpp:89    INFO| .   Map parsing started
2026-04-26 18:08:42.185 (   0.067s) [main thread     ]file_format_registry.cp:44    INFO| .   Found supported format
2026-04-26 18:08:42.185 (   0.067s) [main thread     ]   omap_file_format.cpp:19    INFO| .   Found OMAP file format...
2026-04-26 18:08:42.186 (   0.068s) [main thread     ]      omap_importer.cpp:56    INFO| .   Importing symbols...
2026-04-26 18:08:42.186 (   0.068s) [main thread     ]      omap_importer.cpp:179   INFO| .   Importing line symbol with ID 101000
2026-04-26 18:08:42.186 (   0.068s) [main thread     ]      omap_importer.cpp:89    INFO| .   Symbol with ID: 101000
2026-04-26 18:08:42.186 (   0.068s) [main thread     ]      omap_importer.cpp:179   INFO| .   Importing line symbol with ID 102000
2026-04-26 18:08:42.186 (   0.068s) [main thread     ]      omap_importer.cpp:89    INFO| .   Symbol with ID: 102000
2026-04-26 18:08:42.186 (   0.068s) [main thread     ]      omap_importer.cpp:179   INFO| .   Importing line symbol with ID 103000
2026-04-26 18:08:42.186 (   0.068s) [main thread     ]      omap_importer.cpp:89    INFO| .   Symbol with ID: 103000
2026-04-26 18:08:42.186 (   0.068s) [main thread     ]      omap_importer.cpp:210   INFO| .   Importing point symbol with ID 104000
2026-04-26 18:08:42.186 (   0.068s) [main thread     ]      omap_importer.cpp:89    INFO| .   Symbol with ID: 104000
2026-04-26 18:08:42.186 (   0.068s) [main thread     ]      omap_importer.cpp:89    INFO| .   Symbol with ID: 105000
2026-04-26 18:08:42.186 (   0.068s) [main thread     ]      omap_importer.cpp:179   INFO| .   Importing line symbol with ID 106000
2026-04-26 18:08:42.186 (   0.068s) [main thread     ]      omap_importer.cpp:89    INFO| .   Symbol with ID: 106000
2026-04-26 18:08:42.186 (   0.068s) [main thread     ]      omap_importer.cpp:210   INFO| .   Importing point symbol with ID 106000
2026-04-26 18:08:42.186 (   0.068s) [main thread     ]      omap_importer.cpp:89    INFO| .   Symbol with ID: 106000
2026-04-26 18:08:42.186 (   0.068s) [main thread     ]      omap_importer.cpp:179   INFO| .   Importing line symbol with ID 106000
2026-04-26 18:08:42.186 (   0.068s) [main thread     ]      omap_importer.cpp:89    INFO| .   Symbol with ID: 106000
2026-04-26 18:08:42.186 (   0.068s) [main thread     ]      omap_importer.cpp:210   INFO| .   Importing point symbol with ID 106000
2026-04-26 18:08:42.186 (   0.068s) [main thread     ]      omap_importer.cpp:89    INFO| .   Symbol with ID: 106000
2026-04-26 18:08:42.186 (   0.068s) [main thread     ]      omap_importer.cpp:179   INFO| .   Importing line symbol with ID 106000
2026-04-26 18:08:42.186 (   0.068s) [main thread     ]      omap_importer.cpp:89    INFO| .   Symbol with ID: 106000
2026-04-26 18:08:42.186 (   0.068s) [main thread     ]      omap_importer.cpp:179   INFO| .   Importing line symbol with ID 107000
2026-04-26 18:08:42.186 (   0.068s) [main thread     ]      omap_importer.cpp:89    INFO| .   Symbol with ID: 107000
2026-04-26 18:08:42.186 (   0.068s) [main thread     ]      omap_importer.cpp:179   INFO| .   Importing line symbol with ID 108000
2026-04-26 18:08:42.186 (   0.068s) [main thread     ]      omap_importer.cpp:89    INFO| .   Symbol with ID: 108000
2026-04-26 18:08:42.186 (   0.068s) [main thread     ]      omap_importer.cpp:179   INFO| .   Importing line symbol with ID 109000
2026-04-26 18:08:42.186 (   0.068s) [main thread     ]      omap_importer.cpp:89    INFO| .   Symbol with ID: 109000
2026-04-26 18:08:42.186 (   0.068s) [main thread     ]      omap_importer.cpp:179   INFO| .   Importing line symbol with ID 110000
2026-04-26 18:08:42.186 (   0.068s) [main thread     ]      omap_importer.cpp:89    INFO| .   Symbol with ID: 110000
2026-04-26 18:08:42.186 (   0.068s) [main thread     ]      omap_importer.cpp:210   INFO| .   Importing point symbol with ID 112000
2026-04-26 18:08:42.186 (   0.068s) [main thread     ]      omap_importer.cpp:89    INFO| .   Symbol with ID: 112000
2026-04-26 18:08:42.186 (   0.068s) [main thread     ]      omap_importer.cpp:210   INFO| .   Importing point symbol with ID 113000
2026-04-26 18:08:42.186 (   0.068s) [main thread     ]      omap_importer.cpp:89    INFO| .   Symbol with ID: 113000
2026-04-26 18:08:42.186 (   0.068s) [main thread     ]      omap_importer.cpp:210   INFO| .   Importing point symbol with ID 115000
2026-04-26 18:08:42.186 (   0.068s) [main thread     ]      omap_importer.cpp:89    INFO| .   Symbol with ID: 115000
2026-04-26 18:08:42.186 (   0.068s) [main thread     ]      omap_importer.cpp:210   INFO| .   Importing point symbol with ID 116000
2026-04-26 18:08:42.186 (   0.068s) [main thread     ]      omap_importer.cpp:89    INFO| .   Symbol with ID: 116000
2026-04-26 18:08:42.186 (   0.068s) [main thread     ]      omap_importer.cpp:89    INFO| .   Symbol with ID: 117000
2026-04-26 18:08:42.186 (   0.068s) [main thread     ]      omap_importer.cpp:89    INFO| .   Symbol with ID: 117000
2026-04-26 18:08:42.186 (   0.068s) [main thread     ]      omap_importer.cpp:210   INFO| .   Importing point symbol with ID 118000
2026-04-26 18:08:42.186 (   0.068s) [main thread     ]      omap_importer.cpp:89    INFO| .   Symbol with ID: 118000
2026-04-26 18:08:42.186 (   0.068s) [main thread     ]      omap_importer.cpp:179   INFO| .   Importing line symbol with ID 201000
2026-04-26 18:08:42.186 (   0.068s) [main thread     ]      omap_importer.cpp:89    INFO| .   Symbol with ID: 201000
2026-04-26 18:08:42.186 (   0.068s) [main thread     ]      omap_importer.cpp:210   INFO| .   Importing point symbol with ID 201000
2026-04-26 18:08:42.186 (   0.068s) [main thread     ]      omap_importer.cpp:89    INFO| .   Symbol with ID: 201000
2026-04-26 18:08:42.186 (   0.068s) [main thread     ]      omap_importer.cpp:179   INFO| .   Importing line symbol with ID 201000
2026-04-26 18:08:42.186 (   0.068s) [main thread     ]      omap_importer.cpp:89    INFO| .   Symbol with ID: 201000
2026-04-26 18:08:42.186 (   0.068s) [main thread     ]      omap_importer.cpp:179   INFO| .   Importing line symbol with ID 201000
2026-04-26 18:08:42.186 (   0.068s) [main thread     ]      omap_importer.cpp:89    INFO| .   Symbol with ID: 201000
2026-04-26 18:08:42.186 (   0.068s) [main thread     ]      omap_importer.cpp:195   INFO| .   Importing area symbol with ID 202000
2026-04-26 18:08:42.186 (   0.068s) [main thread     ]      omap_importer.cpp:89    INFO| .   Symbol with ID: 202000
2026-04-26 18:08:42.186 (   0.068s) [main thread     ]      omap_importer.cpp:179   INFO| .   Importing line symbol with ID 203000
2026-04-26 18:08:42.186 (   0.068s) [main thread     ]      omap_importer.cpp:89    INFO| .   Symbol with ID: 203000
2026-04-26 18:08:42.186 (   0.068s) [main thread     ]      omap_importer.cpp:210   INFO| .   Importing point symbol with ID 203000
2026-04-26 18:08:42.186 (   0.068s) [main thread     ]      omap_importer.cpp:89    INFO| .   Symbol with ID: 203000
2026-04-26 18:08:42.186 (   0.068s) [main thread     ]      omap_importer.cpp:179   INFO| .   Importing line symbol with ID 203000
2026-04-26 18:08:42.186 (   0.068s) [main thread     ]      omap_importer.cpp:89    INFO| .   Symbol with ID: 203000
2026-04-26 18:08:42.186 (   0.068s) [main thread     ]      omap_importer.cpp:210   INFO| .   Importing point symbol with ID 203000
2026-04-26 18:08:42.186 (   0.068s) [main thread     ]      omap_importer.cpp:89    INFO| .   Symbol with ID: 203000
2026-04-26 18:08:42.186 (   0.068s) [main thread     ]      omap_importer.cpp:179   INFO| .   Importing line symbol with ID 203000
2026-04-26 18:08:42.186 (   0.068s) [main thread     ]      omap_importer.cpp:89    INFO| .   Symbol with ID: 203000
2026-04-26 18:08:42.186 (   0.068s) [main thread     ]      omap_importer.cpp:210   INFO| .   Importing point symbol with ID 203000
2026-04-26 18:08:42.186 (   0.068s) [main thread     ]      omap_importer.cpp:89    INFO| .   Symbol with ID: 203000
2026-04-26 18:08:42.186 (   0.068s) [main thread     ]      omap_importer.cpp:210   INFO| .   Importing point symbol with ID 204000
2026-04-26 18:08:42.186 (   0.068s) [main thread     ]      omap_importer.cpp:89    INFO| .   Symbol with ID: 204000
2026-04-26 18:08:42.186 (   0.068s) [main thread     ]      omap_importer.cpp:210   INFO| .   Importing point symbol with ID 205000
2026-04-26 18:08:42.186 (   0.068s) [main thread     ]      omap_importer.cpp:89    INFO| .   Symbol with ID: 205000
2026-04-26 18:08:42.186 (   0.068s) [main thread     ]      omap_importer.cpp:210   INFO| .   Importing point symbol with ID 206000
2026-04-26 18:08:42.186 (   0.068s) [main thread     ]      omap_importer.cpp:89    INFO| .   Symbol with ID: 206000
2026-04-26 18:08:42.186 (   0.068s) [main thread     ]      omap_importer.cpp:210   INFO| .   Importing point symbol with ID 206000
2026-04-26 18:08:42.186 (   0.068s) [main thread     ]      omap_importer.cpp:89    INFO| .   Symbol with ID: 206000
2026-04-26 18:08:42.186 (   0.068s) [main thread     ]      omap_importer.cpp:210   INFO| .   Importing point symbol with ID 207000
2026-04-26 18:08:42.186 (   0.068s) [main thread     ]      omap_importer.cpp:89    INFO| .   Symbol with ID: 207000
2026-04-26 18:08:42.186 (   0.068s) [main thread     ]      omap_importer.cpp:210   INFO| .   Importing point symbol with ID 208000
2026-04-26 18:08:42.186 (   0.068s) [main thread     ]      omap_importer.cpp:89    INFO| .   Symbol with ID: 208000
2026-04-26 18:08:42.186 (   0.068s) [main thread     ]      omap_importer.cpp:210   INFO| .   Importing point symbol with ID 208000
2026-04-26 18:08:42.186 (   0.068s) [main thread     ]      omap_importer.cpp:89    INFO| .   Symbol with ID: 208000
2026-04-26 18:08:42.186 (   0.068s) [main thread     ]      omap_importer.cpp:210   INFO| .   Importing point symbol with ID 209000
2026-04-26 18:08:42.186 (   0.068s) [main thread     ]      omap_importer.cpp:89    INFO| .   Symbol with ID: 209000
2026-04-26 18:08:42.186 (   0.068s) [main thread     ]      omap_importer.cpp:210   INFO| .   Importing point symbol with ID 209000
2026-04-26 18:08:42.186 (   0.068s) [main thread     ]      omap_importer.cpp:89    INFO| .   Symbol with ID: 209000
2026-04-26 18:08:42.186 (   0.068s) [main thread     ]      omap_importer.cpp:210   INFO| .   Importing point symbol with ID 210000
2026-04-26 18:08:42.186 (   0.068s) [main thread     ]      omap_importer.cpp:89    INFO| .   Symbol with ID: 210000
2026-04-26 18:08:42.186 (   0.068s) [main thread     ]      omap_importer.cpp:210   INFO| .   Importing point symbol with ID 210000
2026-04-26 18:08:42.186 (   0.068s) [main thread     ]      omap_importer.cpp:89    INFO| .   Symbol with ID: 210000
2026-04-26 18:08:42.186 (   0.068s) [main thread     ]      omap_importer.cpp:195   INFO| .   Importing area symbol with ID 211000
2026-04-26 18:08:42.186 (   0.068s) [main thread     ]      omap_importer.cpp:89    INFO| .   Symbol with ID: 211000
2026-04-26 18:08:42.186 (   0.068s) [main thread     ]      omap_importer.cpp:195   INFO| .   Importing area symbol with ID 212000
2026-04-26 18:08:42.186 (   0.068s) [main thread     ]      omap_importer.cpp:89    INFO| .   Symbol with ID: 212000
2026-04-26 18:08:42.186 (   0.068s) [main thread     ]      omap_importer.cpp:195   INFO| .   Importing area symbol with ID 301000
2026-04-26 18:08:42.186 (   0.068s) [main thread     ]      omap_importer.cpp:89    INFO| .   Symbol with ID: 301000
2026-04-26 18:08:42.186 (   0.068s) [main thread     ]      omap_importer.cpp:179   INFO| .   Importing line symbol with ID 301000
2026-04-26 18:08:42.186 (   0.068s) [main thread     ]      omap_importer.cpp:89    INFO| .   Symbol with ID: 301000
2026-04-26 18:08:42.186 (   0.068s) [main thread     ]      omap_importer.cpp:89    INFO| .   Symbol with ID: 301000
2026-04-26 18:08:42.186 (   0.068s) [main thread     ]      omap_importer.cpp:195   INFO| .   Importing area symbol with ID 302000
2026-04-26 18:08:42.186 (   0.068s) [main thread     ]      omap_importer.cpp:89    INFO| .   Symbol with ID: 302000
2026-04-26 18:08:42.186 (   0.068s) [main thread     ]      omap_importer.cpp:210   INFO| .   Importing point symbol with ID 303000
2026-04-26 18:08:42.186 (   0.068s) [main thread     ]      omap_importer.cpp:89    INFO| .   Symbol with ID: 303000
2026-04-26 18:08:42.186 (   0.068s) [main thread     ]      omap_importer.cpp:179   INFO| .   Importing line symbol with ID 305000
2026-04-26 18:08:42.186 (   0.068s) [main thread     ]      omap_importer.cpp:89    INFO| .   Symbol with ID: 305000
2026-04-26 18:08:42.186 (   0.068s) [main thread     ]      omap_importer.cpp:179   INFO| .   Importing line symbol with ID 306000
2026-04-26 18:08:42.186 (   0.068s) [main thread     ]      omap_importer.cpp:89    INFO| .   Symbol with ID: 306000
2026-04-26 18:08:42.186 (   0.068s) [main thread     ]      omap_importer.cpp:179   INFO| .   Importing line symbol with ID 307000
2026-04-26 18:08:42.186 (   0.068s) [main thread     ]      omap_importer.cpp:89    INFO| .   Symbol with ID: 307000
2026-04-26 18:08:42.186 (   0.068s) [main thread     ]      omap_importer.cpp:179   INFO| .   Importing line symbol with ID 308000
2026-04-26 18:08:42.186 (   0.068s) [main thread     ]      omap_importer.cpp:89    INFO| .   Symbol with ID: 308000
2026-04-26 18:08:42.186 (   0.069s) [main thread     ]      omap_importer.cpp:195   INFO| .   Importing area symbol with ID 309000
2026-04-26 18:08:42.186 (   0.069s) [main thread     ]      omap_importer.cpp:89    INFO| .   Symbol with ID: 309000
2026-04-26 18:08:42.186 (   0.069s) [main thread     ]      omap_importer.cpp:179   INFO| .   Importing line symbol with ID 309000
2026-04-26 18:08:42.186 (   0.069s) [main thread     ]      omap_importer.cpp:89    INFO| .   Symbol with ID: 309000
2026-04-26 18:08:42.186 (   0.069s) [main thread     ]      omap_importer.cpp:89    INFO| .   Symbol with ID: 309000
2026-04-26 18:08:42.186 (   0.069s) [main thread     ]      omap_importer.cpp:195   INFO| .   Importing area symbol with ID 310000
2026-04-26 18:08:42.186 (   0.069s) [main thread     ]      omap_importer.cpp:89    INFO| .   Symbol with ID: 310000
2026-04-26 18:08:42.186 (   0.069s) [main thread     ]      omap_importer.cpp:210   INFO| .   Importing point symbol with ID 310000
2026-04-26 18:08:42.186 (   0.069s) [main thread     ]      omap_importer.cpp:89    INFO| .   Symbol with ID: 310000
2026-04-26 18:08:42.186 (   0.069s) [main thread     ]      omap_importer.cpp:89    INFO| .   Symbol with ID: 311000
2026-04-26 18:08:42.186 (   0.069s) [main thread     ]      omap_importer.cpp:89    INFO| .   Symbol with ID: 311000
2026-04-26 18:08:42.186 (   0.069s) [main thread     ]      omap_importer.cpp:210   INFO| .   Importing point symbol with ID 312000
2026-04-26 18:08:42.186 (   0.069s) [main thread     ]      omap_importer.cpp:89    INFO| .   Symbol with ID: 312000
2026-04-26 18:08:42.186 (   0.069s) [main thread     ]      omap_importer.cpp:210   INFO| .   Importing point symbol with ID 313000
2026-04-26 18:08:42.186 (   0.069s) [main thread     ]      omap_importer.cpp:89    INFO| .   Symbol with ID: 313000
2026-04-26 18:08:42.186 (   0.069s) [main thread     ]      omap_importer.cpp:210   INFO| .   Importing point symbol with ID 314000
2026-04-26 18:08:42.186 (   0.069s) [main thread     ]      omap_importer.cpp:89    INFO| .   Symbol with ID: 314000
2026-04-26 18:08:42.186 (   0.069s) [main thread     ]      omap_importer.cpp:195   INFO| .   Importing area symbol with ID 401000
2026-04-26 18:08:42.186 (   0.069s) [main thread     ]      omap_importer.cpp:89    INFO| .   Symbol with ID: 401000
2026-04-26 18:08:42.186 (   0.069s) [main thread     ]      omap_importer.cpp:195   INFO| .   Importing area symbol with ID 402000
2026-04-26 18:08:42.186 (   0.069s) [main thread     ]      omap_importer.cpp:89    INFO| .   Symbol with ID: 402000
2026-04-26 18:08:42.186 (   0.069s) [main thread     ]      omap_importer.cpp:195   INFO| .   Importing area symbol with ID 403000
2026-04-26 18:08:42.186 (   0.069s) [main thread     ]      omap_importer.cpp:89    INFO| .   Symbol with ID: 403000
2026-04-26 18:08:42.186 (   0.069s) [main thread     ]      omap_importer.cpp:195   INFO| .   Importing area symbol with ID 404000
2026-04-26 18:08:42.186 (   0.069s) [main thread     ]      omap_importer.cpp:89    INFO| .   Symbol with ID: 404000
2026-04-26 18:08:42.186 (   0.069s) [main thread     ]      omap_importer.cpp:195   INFO| .   Importing area symbol with ID 405000
2026-04-26 18:08:42.186 (   0.069s) [main thread     ]      omap_importer.cpp:89    INFO| .   Symbol with ID: 405000
2026-04-26 18:08:42.186 (   0.069s) [main thread     ]      omap_importer.cpp:195   INFO| .   Importing area symbol with ID 406000
2026-04-26 18:08:42.186 (   0.069s) [main thread     ]      omap_importer.cpp:89    INFO| .   Symbol with ID: 406000
2026-04-26 18:08:42.186 (   0.069s) [main thread     ]      omap_importer.cpp:195   INFO| .   Importing area symbol with ID 407000
2026-04-26 18:08:42.186 (   0.069s) [main thread     ]      omap_importer.cpp:89    INFO| .   Symbol with ID: 407000
2026-04-26 18:08:42.186 (   0.069s) [main thread     ]      omap_importer.cpp:195   INFO| .   Importing area symbol with ID 408000
2026-04-26 18:08:42.186 (   0.069s) [main thread     ]      omap_importer.cpp:89    INFO| .   Symbol with ID: 408000
2026-04-26 18:08:42.186 (   0.069s) [main thread     ]      omap_importer.cpp:195   INFO| .   Importing area symbol with ID 409000
2026-04-26 18:08:42.186 (   0.069s) [main thread     ]      omap_importer.cpp:89    INFO| .   Symbol with ID: 409000
2026-04-26 18:08:42.186 (   0.069s) [main thread     ]      omap_importer.cpp:195   INFO| .   Importing area symbol with ID 410000
2026-04-26 18:08:42.186 (   0.069s) [main thread     ]      omap_importer.cpp:89    INFO| .   Symbol with ID: 410000
2026-04-26 18:08:42.186 (   0.069s) [main thread     ]      omap_importer.cpp:179   INFO| .   Importing line symbol with ID 410000
2026-04-26 18:08:42.186 (   0.069s) [main thread     ]      omap_importer.cpp:89    INFO| .   Symbol with ID: 410000
2026-04-26 18:08:42.186 (   0.069s) [main thread     ]      omap_importer.cpp:195   INFO| .   Importing area symbol with ID 411000
2026-04-26 18:08:42.186 (   0.069s) [main thread     ]      omap_importer.cpp:89    INFO| .   Symbol with ID: 411000
2026-04-26 18:08:42.186 (   0.069s) [main thread     ]      omap_importer.cpp:195   INFO| .   Importing area symbol with ID 411000
2026-04-26 18:08:42.186 (   0.069s) [main thread     ]      omap_importer.cpp:89    INFO| .   Symbol with ID: 411000
2026-04-26 18:08:42.186 (   0.069s) [main thread     ]      omap_importer.cpp:195   INFO| .   Importing area symbol with ID 411000
2026-04-26 18:08:42.186 (   0.069s) [main thread     ]      omap_importer.cpp:89    INFO| .   Symbol with ID: 411000
2026-04-26 18:08:42.186 (   0.069s) [main thread     ]      omap_importer.cpp:195   INFO| .   Importing area symbol with ID 412000
2026-04-26 18:08:42.186 (   0.069s) [main thread     ]      omap_importer.cpp:89    INFO| .   Symbol with ID: 412000
2026-04-26 18:08:42.186 (   0.069s) [main thread     ]      omap_importer.cpp:195   INFO| .   Importing area symbol with ID 413000
2026-04-26 18:08:42.186 (   0.069s) [main thread     ]      omap_importer.cpp:89    INFO| .   Symbol with ID: 413000
2026-04-26 18:08:42.186 (   0.069s) [main thread     ]      omap_importer.cpp:179   INFO| .   Importing line symbol with ID 414000
2026-04-26 18:08:42.186 (   0.069s) [main thread     ]      omap_importer.cpp:89    INFO| .   Symbol with ID: 414000
2026-04-26 18:08:42.186 (   0.069s) [main thread     ]      omap_importer.cpp:195   INFO| .   Importing area symbol with ID 415000
2026-04-26 18:08:42.186 (   0.069s) [main thread     ]      omap_importer.cpp:89    INFO| .   Symbol with ID: 415000
2026-04-26 18:08:42.186 (   0.069s) [main thread     ]      omap_importer.cpp:179   INFO| .   Importing line symbol with ID 416000
2026-04-26 18:08:42.186 (   0.069s) [main thread     ]      omap_importer.cpp:89    INFO| .   Symbol with ID: 416000
2026-04-26 18:08:42.186 (   0.069s) [main thread     ]      omap_importer.cpp:210   INFO| .   Importing point symbol with ID 418000
2026-04-26 18:08:42.186 (   0.069s) [main thread     ]      omap_importer.cpp:89    INFO| .   Symbol with ID: 418000
2026-04-26 18:08:42.186 (   0.069s) [main thread     ]      omap_importer.cpp:210   INFO| .   Importing point symbol with ID 419000
2026-04-26 18:08:42.186 (   0.069s) [main thread     ]      omap_importer.cpp:89    INFO| .   Symbol with ID: 419000
2026-04-26 18:08:42.186 (   0.069s) [main thread     ]      omap_importer.cpp:210   INFO| .   Importing point symbol with ID 420000
2026-04-26 18:08:42.186 (   0.069s) [main thread     ]      omap_importer.cpp:89    INFO| .   Symbol with ID: 420000
2026-04-26 18:08:42.186 (   0.069s) [main thread     ]      omap_importer.cpp:89    INFO| .   Symbol with ID: 501000
2026-04-26 18:08:42.186 (   0.069s) [main thread     ]      omap_importer.cpp:89    INFO| .   Symbol with ID: 501000
2026-04-26 18:08:42.186 (   0.069s) [main thread     ]      omap_importer.cpp:179   INFO| .   Importing line symbol with ID 502000
2026-04-26 18:08:42.186 (   0.069s) [main thread     ]      omap_importer.cpp:89    INFO| .   Symbol with ID: 502000
2026-04-26 18:08:42.186 (   0.069s) [main thread     ]      omap_importer.cpp:179   INFO| .   Importing line symbol with ID 502000
2026-04-26 18:08:42.186 (   0.069s) [main thread     ]      omap_importer.cpp:89    INFO| .   Symbol with ID: 502000
2026-04-26 18:08:42.186 (   0.069s) [main thread     ]      omap_importer.cpp:179   INFO| .   Importing line symbol with ID 503000
2026-04-26 18:08:42.186 (   0.069s) [main thread     ]      omap_importer.cpp:89    INFO| .   Symbol with ID: 503000
2026-04-26 18:08:42.186 (   0.069s) [main thread     ]      omap_importer.cpp:179   INFO| .   Importing line symbol with ID 503000
2026-04-26 18:08:42.186 (   0.069s) [main thread     ]      omap_importer.cpp:89    INFO| .   Symbol with ID: 503000
2026-04-26 18:08:42.186 (   0.069s) [main thread     ]      omap_importer.cpp:179   INFO| .   Importing line symbol with ID 504000
2026-04-26 18:08:42.186 (   0.069s) [main thread     ]      omap_importer.cpp:89    INFO| .   Symbol with ID: 504000
2026-04-26 18:08:42.186 (   0.069s) [main thread     ]      omap_importer.cpp:179   INFO| .   Importing line symbol with ID 505000
2026-04-26 18:08:42.186 (   0.069s) [main thread     ]      omap_importer.cpp:89    INFO| .   Symbol with ID: 505000
2026-04-26 18:08:42.186 (   0.069s) [main thread     ]      omap_importer.cpp:179   INFO| .   Importing line symbol with ID 506000
2026-04-26 18:08:42.186 (   0.069s) [main thread     ]      omap_importer.cpp:89    INFO| .   Symbol with ID: 506000
2026-04-26 18:08:42.186 (   0.069s) [main thread     ]      omap_importer.cpp:179   INFO| .   Importing line symbol with ID 507000
2026-04-26 18:08:42.186 (   0.069s) [main thread     ]      omap_importer.cpp:89    INFO| .   Symbol with ID: 507000
2026-04-26 18:08:42.186 (   0.069s) [main thread     ]      omap_importer.cpp:179   INFO| .   Importing line symbol with ID 508000
2026-04-26 18:08:42.186 (   0.069s) [main thread     ]      omap_importer.cpp:89    INFO| .   Symbol with ID: 508000
2026-04-26 18:08:42.186 (   0.069s) [main thread     ]      omap_importer.cpp:179   INFO| .   Importing line symbol with ID 509000
2026-04-26 18:08:42.186 (   0.069s) [main thread     ]      omap_importer.cpp:89    INFO| .   Symbol with ID: 509000
2026-04-26 18:08:42.186 (   0.069s) [main thread     ]      omap_importer.cpp:210   INFO| .   Importing point symbol with ID 512000
2026-04-26 18:08:42.186 (   0.069s) [main thread     ]      omap_importer.cpp:89    INFO| .   Symbol with ID: 512000
2026-04-26 18:08:42.186 (   0.069s) [main thread     ]      omap_importer.cpp:179   INFO| .   Importing line symbol with ID 515000
2026-04-26 18:08:42.186 (   0.069s) [main thread     ]      omap_importer.cpp:89    INFO| .   Symbol with ID: 515000
2026-04-26 18:08:42.186 (   0.069s) [main thread     ]      omap_importer.cpp:179   INFO| .   Importing line symbol with ID 516000
2026-04-26 18:08:42.187 (   0.069s) [main thread     ]      omap_importer.cpp:89    INFO| .   Symbol with ID: 516000
2026-04-26 18:08:42.187 (   0.069s) [main thread     ]      omap_importer.cpp:179   INFO| .   Importing line symbol with ID 517000
2026-04-26 18:08:42.187 (   0.069s) [main thread     ]      omap_importer.cpp:89    INFO| .   Symbol with ID: 517000
2026-04-26 18:08:42.187 (   0.069s) [main thread     ]      omap_importer.cpp:179   INFO| .   Importing line symbol with ID 518000
2026-04-26 18:08:42.187 (   0.069s) [main thread     ]      omap_importer.cpp:89    INFO| .   Symbol with ID: 518000
2026-04-26 18:08:42.187 (   0.069s) [main thread     ]      omap_importer.cpp:210   INFO| .   Importing point symbol with ID 518000
2026-04-26 18:08:42.187 (   0.069s) [main thread     ]      omap_importer.cpp:89    INFO| .   Symbol with ID: 518000
2026-04-26 18:08:42.187 (   0.069s) [main thread     ]      omap_importer.cpp:179   INFO| .   Importing line symbol with ID 519000
2026-04-26 18:08:42.187 (   0.069s) [main thread     ]      omap_importer.cpp:89    INFO| .   Symbol with ID: 519000
2026-04-26 18:08:42.187 (   0.069s) [main thread     ]      omap_importer.cpp:179   INFO| .   Importing line symbol with ID 520000
2026-04-26 18:08:42.187 (   0.069s) [main thread     ]      omap_importer.cpp:89    INFO| .   Symbol with ID: 520000
2026-04-26 18:08:42.187 (   0.069s) [main thread     ]      omap_importer.cpp:179   INFO| .   Importing line symbol with ID 521000
2026-04-26 18:08:42.187 (   0.069s) [main thread     ]      omap_importer.cpp:89    INFO| .   Symbol with ID: 521000
2026-04-26 18:08:42.187 (   0.069s) [main thread     ]      omap_importer.cpp:179   INFO| .   Importing line symbol with ID 522000
2026-04-26 18:08:42.187 (   0.069s) [main thread     ]      omap_importer.cpp:89    INFO| .   Symbol with ID: 522000
2026-04-26 18:08:42.187 (   0.069s) [main thread     ]      omap_importer.cpp:179   INFO| .   Importing line symbol with ID 523000
2026-04-26 18:08:42.187 (   0.069s) [main thread     ]      omap_importer.cpp:89    INFO| .   Symbol with ID: 523000
2026-04-26 18:08:42.187 (   0.069s) [main thread     ]      omap_importer.cpp:179   INFO| .   Importing line symbol with ID 524000
2026-04-26 18:08:42.187 (   0.069s) [main thread     ]      omap_importer.cpp:89    INFO| .   Symbol with ID: 524000
2026-04-26 18:08:42.187 (   0.069s) [main thread     ]      omap_importer.cpp:210   INFO| .   Importing point symbol with ID 525000
2026-04-26 18:08:42.187 (   0.069s) [main thread     ]      omap_importer.cpp:89    INFO| .   Symbol with ID: 525000
2026-04-26 18:08:42.187 (   0.069s) [main thread     ]      omap_importer.cpp:195   INFO| .   Importing area symbol with ID 526000
2026-04-26 18:08:42.187 (   0.069s) [main thread     ]      omap_importer.cpp:89    INFO| .   Symbol with ID: 526000
2026-04-26 18:08:42.187 (   0.069s) [main thread     ]      omap_importer.cpp:210   INFO| .   Importing point symbol with ID 526000
2026-04-26 18:08:42.187 (   0.069s) [main thread     ]      omap_importer.cpp:89    INFO| .   Symbol with ID: 526000
2026-04-26 18:08:42.187 (   0.069s) [main thread     ]      omap_importer.cpp:195   INFO| .   Importing area symbol with ID 527000
2026-04-26 18:08:42.187 (   0.069s) [main thread     ]      omap_importer.cpp:89    INFO| .   Symbol with ID: 527000
2026-04-26 18:08:42.187 (   0.069s) [main thread     ]      omap_importer.cpp:195   INFO| .   Importing area symbol with ID 527000
2026-04-26 18:08:42.187 (   0.069s) [main thread     ]      omap_importer.cpp:89    INFO| .   Symbol with ID: 527000
2026-04-26 18:08:42.187 (   0.069s) [main thread     ]      omap_importer.cpp:195   INFO| .   Importing area symbol with ID 528000
2026-04-26 18:08:42.187 (   0.069s) [main thread     ]      omap_importer.cpp:89    INFO| .   Symbol with ID: 528000
2026-04-26 18:08:42.187 (   0.069s) [main thread     ]      omap_importer.cpp:179   INFO| .   Importing line symbol with ID 528000
2026-04-26 18:08:42.187 (   0.069s) [main thread     ]      omap_importer.cpp:89    INFO| .   Symbol with ID: 528000
2026-04-26 18:08:42.187 (   0.069s) [main thread     ]      omap_importer.cpp:195   INFO| .   Importing area symbol with ID 529000
2026-04-26 18:08:42.187 (   0.069s) [main thread     ]      omap_importer.cpp:89    INFO| .   Symbol with ID: 529000
2026-04-26 18:08:42.187 (   0.069s) [main thread     ]      omap_importer.cpp:179   INFO| .   Importing line symbol with ID 529000
2026-04-26 18:08:42.187 (   0.069s) [main thread     ]      omap_importer.cpp:89    INFO| .   Symbol with ID: 529000
2026-04-26 18:08:42.187 (   0.069s) [main thread     ]      omap_importer.cpp:89    INFO| .   Symbol with ID: 529000
2026-04-26 18:08:42.187 (   0.069s) [main thread     ]      omap_importer.cpp:179   INFO| .   Importing line symbol with ID 530000
2026-04-26 18:08:42.187 (   0.069s) [main thread     ]      omap_importer.cpp:89    INFO| .   Symbol with ID: 530000
2026-04-26 18:08:42.187 (   0.069s) [main thread     ]      omap_importer.cpp:179   INFO| .   Importing line symbol with ID 530000
2026-04-26 18:08:42.187 (   0.069s) [main thread     ]      omap_importer.cpp:89    INFO| .   Symbol with ID: 530000
2026-04-26 18:08:42.187 (   0.069s) [main thread     ]      omap_importer.cpp:210   INFO| .   Importing point symbol with ID 530000
2026-04-26 18:08:42.187 (   0.069s) [main thread     ]      omap_importer.cpp:89    INFO| .   Symbol with ID: 530000
2026-04-26 18:08:42.187 (   0.069s) [main thread     ]      omap_importer.cpp:179   INFO| .   Importing line symbol with ID 531000
2026-04-26 18:08:42.187 (   0.069s) [main thread     ]      omap_importer.cpp:89    INFO| .   Symbol with ID: 531000
2026-04-26 18:08:42.187 (   0.069s) [main thread     ]      omap_importer.cpp:210   INFO| .   Importing point symbol with ID 532000
2026-04-26 18:08:42.187 (   0.069s) [main thread     ]      omap_importer.cpp:89    INFO| .   Symbol with ID: 532000
2026-04-26 18:08:42.187 (   0.069s) [main thread     ]      omap_importer.cpp:179   INFO| .   Importing line symbol with ID 533000
2026-04-26 18:08:42.187 (   0.069s) [main thread     ]      omap_importer.cpp:89    INFO| .   Symbol with ID: 533000
2026-04-26 18:08:42.187 (   0.069s) [main thread     ]      omap_importer.cpp:179   INFO| .   Importing line symbol with ID 534000
2026-04-26 18:08:42.187 (   0.069s) [main thread     ]      omap_importer.cpp:89    INFO| .   Symbol with ID: 534000
2026-04-26 18:08:42.187 (   0.069s) [main thread     ]      omap_importer.cpp:210   INFO| .   Importing point symbol with ID 535000
2026-04-26 18:08:42.187 (   0.069s) [main thread     ]      omap_importer.cpp:89    INFO| .   Symbol with ID: 535000
2026-04-26 18:08:42.187 (   0.069s) [main thread     ]      omap_importer.cpp:210   INFO| .   Importing point symbol with ID 536000
2026-04-26 18:08:42.187 (   0.069s) [main thread     ]      omap_importer.cpp:89    INFO| .   Symbol with ID: 536000
2026-04-26 18:08:42.187 (   0.069s) [main thread     ]      omap_importer.cpp:210   INFO| .   Importing point symbol with ID 537000
2026-04-26 18:08:42.187 (   0.069s) [main thread     ]      omap_importer.cpp:89    INFO| .   Symbol with ID: 537000
2026-04-26 18:08:42.187 (   0.069s) [main thread     ]      omap_importer.cpp:210   INFO| .   Importing point symbol with ID 538000
2026-04-26 18:08:42.187 (   0.069s) [main thread     ]      omap_importer.cpp:89    INFO| .   Symbol with ID: 538000
2026-04-26 18:08:42.187 (   0.069s) [main thread     ]      omap_importer.cpp:210   INFO| .   Importing point symbol with ID 539000
2026-04-26 18:08:42.187 (   0.069s) [main thread     ]      omap_importer.cpp:89    INFO| .   Symbol with ID: 539000
2026-04-26 18:08:42.187 (   0.069s) [main thread     ]      omap_importer.cpp:210   INFO| .   Importing point symbol with ID 540000
2026-04-26 18:08:42.187 (   0.069s) [main thread     ]      omap_importer.cpp:89    INFO| .   Symbol with ID: 540000
2026-04-26 18:08:42.187 (   0.069s) [main thread     ]      omap_importer.cpp:89    INFO| .   Symbol with ID: 601000
2026-04-26 18:08:42.187 (   0.069s) [main thread     ]      omap_importer.cpp:89    INFO| .   Symbol with ID: 601000
2026-04-26 18:08:42.187 (   0.069s) [main thread     ]      omap_importer.cpp:89    INFO| .   Symbol with ID: 601000
2026-04-26 18:08:42.187 (   0.069s) [main thread     ]      omap_importer.cpp:89    INFO| .   Symbol with ID: 601000
2026-04-26 18:08:42.187 (   0.069s) [main thread     ]      omap_importer.cpp:89    INFO| .   Symbol with ID: 602000
2026-04-26 18:08:42.187 (   0.069s) [main thread     ]      omap_importer.cpp:89    INFO| .   Symbol with ID: 603000
2026-04-26 18:08:42.187 (   0.069s) [main thread     ]      omap_importer.cpp:89    INFO| .   Symbol with ID: 603000
2026-04-26 18:08:42.187 (   0.069s) [main thread     ]      omap_importer.cpp:89    INFO| .   Symbol with ID: 701000
2026-04-26 18:08:42.187 (   0.069s) [main thread     ]      omap_importer.cpp:89    INFO| .   Symbol with ID: 702000
2026-04-26 18:08:42.187 (   0.069s) [main thread     ]      omap_importer.cpp:89    INFO| .   Symbol with ID: 703000
2026-04-26 18:08:42.187 (   0.069s) [main thread     ]      omap_importer.cpp:89    INFO| .   Symbol with ID: 704000
2026-04-26 18:08:42.187 (   0.069s) [main thread     ]      omap_importer.cpp:89    INFO| .   Symbol with ID: 705000
2026-04-26 18:08:42.187 (   0.069s) [main thread     ]      omap_importer.cpp:89    INFO| .   Symbol with ID: 706000
2026-04-26 18:08:42.187 (   0.069s) [main thread     ]      omap_importer.cpp:89    INFO| .   Symbol with ID: 707000
2026-04-26 18:08:42.187 (   0.069s) [main thread     ]      omap_importer.cpp:89    INFO| .   Symbol with ID: 708000
2026-04-26 18:08:42.187 (   0.069s) [main thread     ]      omap_importer.cpp:89    INFO| .   Symbol with ID: 709000
2026-04-26 18:08:42.187 (   0.069s) [main thread     ]      omap_importer.cpp:89    INFO| .   Symbol with ID: 709000
2026-04-26 18:08:42.187 (   0.069s) [main thread     ]      omap_importer.cpp:89    INFO| .   Symbol with ID: 709000
2026-04-26 18:08:42.187 (   0.069s) [main thread     ]      omap_importer.cpp:89    INFO| .   Symbol with ID: 710000
2026-04-26 18:08:42.187 (   0.069s) [main thread     ]      omap_importer.cpp:89    INFO| .   Symbol with ID: 711000
2026-04-26 18:08:42.187 (   0.069s) [main thread     ]      omap_importer.cpp:89    INFO| .   Symbol with ID: 712000
2026-04-26 18:08:42.187 (   0.069s) [main thread     ]      omap_importer.cpp:89    INFO| .   Symbol with ID: 713000
2026-04-26 18:08:42.187 (   0.069s) [main thread     ]      omap_importer.cpp:89    INFO| .   Symbol with ID: 799000
2026-04-26 18:08:42.187 (   0.069s) [main thread     ]      omap_importer.cpp:89    INFO| .   Symbol with ID: 980000
2026-04-26 18:08:42.187 (   0.069s) [main thread     ]      omap_importer.cpp:89    INFO| .   Symbol with ID: 999000
2026-04-26 18:08:42.187 (   0.069s) [main thread     ]      omap_importer.cpp:147   INFO| .   Imported path object with symbol 101000
2026-04-26 18:08:42.187 (   0.069s) [main thread     ]      omap_importer.cpp:147   INFO| .   Imported path object with symbol 101000
2026-04-26 18:08:42.187 (   0.069s) [main thread     ]      omap_importer.cpp:147   INFO| .   Imported path object with symbol 101000
2026-04-26 18:08:42.187 (   0.069s) [main thread     ]      omap_importer.cpp:147   INFO| .   Imported path object with symbol 101000
2026-04-26 18:08:42.187 (   0.069s) [main thread     ]      omap_importer.cpp:147   INFO| .   Imported path object with symbol 101000
2026-04-26 18:08:42.187 (   0.069s) [main thread     ]      omap_importer.cpp:147   INFO| .   Imported path object with symbol 101000
2026-04-26 18:08:42.187 (   0.069s) [main thread     ]      omap_importer.cpp:147   INFO| .   Imported path object with symbol 102000
2026-04-26 18:08:42.187 (   0.069s) [main thread     ]      omap_importer.cpp:147   INFO| .   Imported path object with symbol 101000
2026-04-26 18:08:42.187 (   0.069s) [main thread     ]      omap_importer.cpp:147   INFO| .   Imported path object with symbol 101000
2026-04-26 18:08:42.187 (   0.069s) [main thread     ]      omap_importer.cpp:147   INFO| .   Imported path object with symbol 101000
2026-04-26 18:08:42.187 (   0.069s) [main thread     ]      omap_importer.cpp:147   INFO| .   Imported path object with symbol 101000
2026-04-26 18:08:42.187 (   0.069s) [main thread     ]      omap_importer.cpp:147   INFO| .   Imported path object with symbol 101000
2026-04-26 18:08:42.187 (   0.069s) [main thread     ]      omap_importer.cpp:147   INFO| .   Imported path object with symbol 101000
2026-04-26 18:08:42.187 (   0.069s) [main thread     ]      omap_importer.cpp:147   INFO| .   Imported path object with symbol 101000
2026-04-26 18:08:42.187 (   0.069s) [main thread     ]      omap_importer.cpp:147   INFO| .   Imported path object with symbol 101000
2026-04-26 18:08:42.187 (   0.069s) [main thread     ]      omap_importer.cpp:147   INFO| .   Imported path object with symbol 101000
2026-04-26 18:08:42.187 (   0.069s) [main thread     ]      omap_importer.cpp:147   INFO| .   Imported path object with symbol 101000
2026-04-26 18:08:42.187 (   0.069s) [main thread     ]      omap_importer.cpp:147   INFO| .   Imported path object with symbol 101000
2026-04-26 18:08:42.187 (   0.069s) [main thread     ]      omap_importer.cpp:147   INFO| .   Imported path object with symbol 101000
2026-04-26 18:08:42.187 (   0.069s) [main thread     ]      omap_importer.cpp:147   INFO| .   Imported path object with symbol 101000
2026-04-26 18:08:42.187 (   0.069s) [main thread     ]      omap_importer.cpp:147   INFO| .   Imported path object with symbol 101000
2026-04-26 18:08:42.187 (   0.069s) [main thread     ]      omap_importer.cpp:147   INFO| .   Imported path object with symbol 102000
2026-04-26 18:08:42.187 (   0.069s) [main thread     ]      omap_importer.cpp:147   INFO| .   Imported path object with symbol 102000
2026-04-26 18:08:42.187 (   0.069s) [main thread     ]      omap_importer.cpp:147   INFO| .   Imported path object with symbol 102000
2026-04-26 18:08:42.187 (   0.069s) [main thread     ]      omap_importer.cpp:147   INFO| .   Imported path object with symbol 101000
2026-04-26 18:08:42.187 (   0.070s) [main thread     ]      omap_importer.cpp:147   INFO| .   Imported path object with symbol 101000
2026-04-26 18:08:42.187 (   0.070s) [main thread     ]      omap_importer.cpp:147   INFO| .   Imported path object with symbol 101000
2026-04-26 18:08:42.187 (   0.070s) [main thread     ]      omap_importer.cpp:147   INFO| .   Imported path object with symbol 101000
2026-04-26 18:08:42.187 (   0.070s) [main thread     ]      omap_importer.cpp:147   INFO| .   Imported path object with symbol 101000
2026-04-26 18:08:42.187 (   0.070s) [main thread     ]      omap_importer.cpp:147   INFO| .   Imported path object with symbol 101000
2026-04-26 18:08:42.187 (   0.070s) [main thread     ]      omap_importer.cpp:147   INFO| .   Imported path object with symbol 101000
2026-04-26 18:08:42.187 (   0.070s) [main thread     ]      omap_importer.cpp:147   INFO| .   Imported path object with symbol 101000
2026-04-26 18:08:42.187 (   0.070s) [main thread     ]      omap_importer.cpp:147   INFO| .   Imported path object with symbol 504000
2026-04-26 18:08:42.187 (   0.070s) [main thread     ]      omap_importer.cpp:147   INFO| .   Imported path object with symbol 504000
2026-04-26 18:08:42.187 (   0.070s) [main thread     ]      omap_importer.cpp:156   INFO| .   Imported point object with symbol 115000
2026-04-26 18:08:42.187 (   0.070s) [main thread     ]      omap_importer.cpp:147   INFO| .   Imported path object with symbol 503000
2026-04-26 18:08:42.187 (   0.070s) [main thread     ]      omap_importer.cpp:156   INFO| .   Imported point object with symbol 536000
2026-04-26 18:08:42.187 (   0.070s) [main thread     ]      omap_importer.cpp:147   INFO| .   Imported path object with symbol 507000
2026-04-26 18:08:42.187 (   0.070s) [main thread     ]      omap_importer.cpp:147   INFO| .   Imported path object with symbol 524000
2026-04-26 18:08:42.187 (   0.070s) [main thread     ]      omap_importer.cpp:147   INFO| .   Imported path object with symbol 201000
2026-04-26 18:08:42.187 (   0.070s) [main thread     ]      omap_importer.cpp:147   INFO| .   Imported path object with symbol 506000
2026-04-26 18:08:42.187 (   0.070s) [main thread     ]      omap_importer.cpp:147   INFO| .   Imported path object with symbol 504000
2026-04-26 18:08:42.187 (   0.070s) [main thread     ]      omap_importer.cpp:147   INFO| .   Imported path object with symbol 504000
2026-04-26 18:08:42.187 (   0.070s) [main thread     ]      omap_importer.cpp:147   INFO| .   Imported path object with symbol 102000
2026-04-26 18:08:42.187 (   0.070s) [main thread     ]      omap_importer.cpp:156   INFO| .   Imported point object with symbol 418000
2026-04-26 18:08:42.187 (   0.070s) [main thread     ]      omap_importer.cpp:147   INFO| .   Imported path object with symbol 506000
2026-04-26 18:08:42.187 (   0.070s) [main thread     ]      omap_importer.cpp:139   INFO| .   Imported area object with symbol 415000
2026-04-26 18:08:42.187 (   0.070s) [main thread     ]      omap_importer.cpp:147   INFO| .   Imported path object with symbol 509000
2026-04-26 18:08:42.187 (   0.070s) [main thread     ]      omap_importer.cpp:139   INFO| .   Imported area object with symbol 526000
2026-04-26 18:08:42.187 (   0.070s) [main thread     ]      omap_importer.cpp:147   INFO| .   Imported path object with symbol 506000
2026-04-26 18:08:42.187 (   0.070s) [main thread     ]      omap_importer.cpp:147   INFO| .   Imported path object with symbol 506000
2026-04-26 18:08:42.187 (   0.070s) [main thread     ]      omap_importer.cpp:147   INFO| .   Imported path object with symbol 506000
2026-04-26 18:08:42.187 (   0.070s) [main thread     ]      omap_importer.cpp:147   INFO| .   Imported path object with symbol 507000
2026-04-26 18:08:42.187 (   0.070s) [main thread     ]      omap_importer.cpp:147   INFO| .   Imported path object with symbol 507000
2026-04-26 18:08:42.187 (   0.070s) [main thread     ]      omap_importer.cpp:147   INFO| .   Imported path object with symbol 506000
2026-04-26 18:08:42.187 (   0.070s) [main thread     ]      omap_importer.cpp:147   INFO| .   Imported path object with symbol 506000
2026-04-26 18:08:42.187 (   0.070s) [main thread     ]      omap_importer.cpp:147   INFO| .   Imported path object with symbol 506000
2026-04-26 18:08:42.187 (   0.070s) [main thread     ]      omap_importer.cpp:156   INFO| .   Imported point object with symbol 419000
2026-04-26 18:08:42.187 (   0.070s) [main thread     ]      omap_importer.cpp:156   INFO| .   Imported point object with symbol 418000
2026-04-26 18:08:42.187 (   0.070s) [main thread     ]      omap_importer.cpp:156   INFO| .   Imported point object with symbol 540000
2026-04-26 18:08:42.187 (   0.070s) [main thread     ]      omap_importer.cpp:147   INFO| .   Imported path object with symbol 506000
2026-04-26 18:08:42.187 (   0.070s) [main thread     ]      omap_importer.cpp:147   INFO| .   Imported path object with symbol 506000
2026-04-26 18:08:42.187 (   0.070s) [main thread     ]      omap_importer.cpp:139   INFO| .   Imported area object with symbol 409000
2026-04-26 18:08:42.187 (   0.070s) [main thread     ]      omap_importer.cpp:147   INFO| .   Imported path object with symbol 503000
2026-04-26 18:08:42.187 (   0.070s) [main thread     ]      omap_importer.cpp:147   INFO| .   Imported path object with symbol 507000
2026-04-26 18:08:42.187 (   0.070s) [main thread     ]      omap_importer.cpp:147   INFO| .   Imported path object with symbol 508000
2026-04-26 18:08:42.187 (   0.070s) [main thread     ]      omap_importer.cpp:147   INFO| .   Imported path object with symbol 508000
2026-04-26 18:08:42.187 (   0.070s) [main thread     ]      omap_importer.cpp:147   INFO| .   Imported path object with symbol 508000
2026-04-26 18:08:42.187 (   0.070s) [main thread     ]      omap_importer.cpp:156   INFO| .   Imported point object with symbol 419000
2026-04-26 18:08:42.187 (   0.070s) [main thread     ]      omap_importer.cpp:147   INFO| .   Imported path object with symbol 507000
2026-04-26 18:08:42.187 (   0.070s) [main thread     ]      omap_importer.cpp:147   INFO| .   Imported path object with symbol 508000
2026-04-26 18:08:42.187 (   0.070s) [main thread     ]      omap_importer.cpp:147   INFO| .   Imported path object with symbol 508000
2026-04-26 18:08:42.187 (   0.070s) [main thread     ]      omap_importer.cpp:147   INFO| .   Imported path object with symbol 508000
2026-04-26 18:08:42.187 (   0.070s) [main thread     ]      omap_importer.cpp:139   INFO| .   Imported area object with symbol 409000
2026-04-26 18:08:42.187 (   0.070s) [main thread     ]      omap_importer.cpp:147   INFO| .   Imported path object with symbol 508000
2026-04-26 18:08:42.187 (   0.070s) [main thread     ]      omap_importer.cpp:147   INFO| .   Imported path object with symbol 509000
2026-04-26 18:08:42.187 (   0.070s) [main thread     ]      omap_importer.cpp:147   INFO| .   Imported path object with symbol 505000
2026-04-26 18:08:42.187 (   0.070s) [main thread     ]      omap_importer.cpp:147   INFO| .   Imported path object with symbol 505000
2026-04-26 18:08:42.187 (   0.070s) [main thread     ]      omap_importer.cpp:147   INFO| .   Imported path object with symbol 505000
2026-04-26 18:08:42.187 (   0.070s) [main thread     ]      omap_importer.cpp:147   INFO| .   Imported path object with symbol 506000
2026-04-26 18:08:42.187 (   0.070s) [main thread     ]      omap_importer.cpp:147   INFO| .   Imported path object with symbol 507000
2026-04-26 18:08:42.187 (   0.070s) [main thread     ]      omap_importer.cpp:147   INFO| .   Imported path object with symbol 110000
2026-04-26 18:08:42.187 (   0.070s) [main thread     ]      omap_importer.cpp:156   INFO| .   Imported point object with symbol 115000
2026-04-26 18:08:42.187 (   0.070s) [main thread     ]      omap_importer.cpp:156   INFO| .   Imported point object with symbol 419000
2026-04-26 18:08:42.187 (   0.070s) [main thread     ]      omap_importer.cpp:147   INFO| .   Imported path object with symbol 109000
2026-04-26 18:08:42.187 (   0.070s) [main thread     ]      omap_importer.cpp:156   INFO| .   Imported point object with symbol 419000
2026-04-26 18:08:42.187 (   0.070s) [main thread     ]      omap_importer.cpp:139   INFO| .   Imported area object with symbol 407000
2026-04-26 18:08:42.187 (   0.070s) [main thread     ]      omap_importer.cpp:139   INFO| .   Imported area object with symbol 409000
2026-04-26 18:08:42.187 (   0.070s) [main thread     ]      omap_importer.cpp:139   INFO| .   Imported area object with symbol 409000
2026-04-26 18:08:42.187 (   0.070s) [main thread     ]      omap_importer.cpp:147   INFO| .   Imported path object with symbol 110000
2026-04-26 18:08:42.188 (   0.070s) [main thread     ]      omap_importer.cpp:156   INFO| .   Imported point object with symbol 419000
2026-04-26 18:08:42.188 (   0.070s) [main thread     ]      omap_importer.cpp:139   INFO| .   Imported area object with symbol 409000
2026-04-26 18:08:42.188 (   0.070s) [main thread     ]      omap_importer.cpp:147   INFO| .   Imported path object with symbol 508000
2026-04-26 18:08:42.188 (   0.070s) [main thread     ]      omap_importer.cpp:139   INFO| .   Imported area object with symbol 409000
2026-04-26 18:08:42.188 (   0.070s) [main thread     ]      omap_importer.cpp:139   INFO| .   Imported area object with symbol 409000
2026-04-26 18:08:42.188 (   0.070s) [main thread     ]      omap_importer.cpp:139   INFO| .   Imported area object with symbol 406000
2026-04-26 18:08:42.188 (   0.070s) [main thread     ]      omap_importer.cpp:139   INFO| .   Imported area object with symbol 409000
2026-04-26 18:08:42.188 (   0.070s) [main thread     ]      omap_importer.cpp:139   INFO| .   Imported area object with symbol 406000
2026-04-26 18:08:42.188 (   0.070s) [main thread     ]      omap_importer.cpp:147   INFO| .   Imported path object with symbol 416000
2026-04-26 18:08:42.188 (   0.070s) [main thread     ]      omap_importer.cpp:139   INFO| .   Imported area object with symbol 409000
2026-04-26 18:08:42.188 (   0.070s) [main thread     ]      omap_importer.cpp:139   INFO| .   Imported area object with symbol 406000
2026-04-26 18:08:42.188 (   0.070s) [main thread     ]      omap_importer.cpp:139   INFO| .   Imported area object with symbol 407000
2026-04-26 18:08:42.188 (   0.070s) [main thread     ]      omap_importer.cpp:139   INFO| .   Imported area object with symbol 406000
2026-04-26 18:08:42.188 (   0.070s) [main thread     ]      omap_importer.cpp:147   INFO| .   Imported path object with symbol 101000
2026-04-26 18:08:42.188 (   0.070s) [main thread     ]      omap_importer.cpp:139   INFO| .   Imported area object with symbol 409000
2026-04-26 18:08:42.188 (   0.070s) [main thread     ]      omap_importer.cpp:147   INFO| .   Imported path object with symbol 102000
2026-04-26 18:08:42.188 (   0.070s) [main thread     ]      omap_importer.cpp:139   INFO| .   Imported area object with symbol 409000
2026-04-26 18:08:42.188 (   0.070s) [main thread     ]      omap_importer.cpp:139   INFO| .   Imported area object with symbol 407000
2026-04-26 18:08:42.188 (   0.070s) [main thread     ]      omap_importer.cpp:139   INFO| .   Imported area object with symbol 409000
2026-04-26 18:08:42.188 (   0.070s) [main thread     ]      omap_importer.cpp:139   INFO| .   Imported area object with symbol 409000
2026-04-26 18:08:42.188 (   0.070s) [main thread     ]      omap_importer.cpp:139   INFO| .   Imported area object with symbol 409000
2026-04-26 18:08:42.188 (   0.070s) [main thread     ]      omap_importer.cpp:147   INFO| .   Imported path object with symbol 416000
2026-04-26 18:08:42.188 (   0.070s) [main thread     ]      omap_importer.cpp:139   INFO| .   Imported area object with symbol 406000
2026-04-26 18:08:42.188 (   0.070s) [main thread     ]      omap_importer.cpp:139   INFO| .   Imported area object with symbol 408000
2026-04-26 18:08:42.188 (   0.070s) [main thread     ]      omap_importer.cpp:139   INFO| .   Imported area object with symbol 406000
2026-04-26 18:08:42.188 (   0.070s) [main thread     ]      omap_importer.cpp:147   INFO| .   Imported path object with symbol 416000
2026-04-26 18:08:42.188 (   0.070s) [main thread     ]      omap_importer.cpp:139   INFO| .   Imported area object with symbol 409000
2026-04-26 18:08:42.188 (   0.070s) [main thread     ]      omap_importer.cpp:139   INFO| .   Imported area object with symbol 409000
2026-04-26 18:08:42.188 (   0.070s) [main thread     ]      omap_importer.cpp:139   INFO| .   Imported area object with symbol 409000
2026-04-26 18:08:42.188 (   0.070s) [main thread     ]      omap_importer.cpp:139   INFO| .   Imported area object with symbol 408000
2026-04-26 18:08:42.188 (   0.070s) [main thread     ]      omap_importer.cpp:139   INFO| .   Imported area object with symbol 406000
2026-04-26 18:08:42.188 (   0.070s) [main thread     ]      omap_importer.cpp:139   INFO| .   Imported area object with symbol 407000
2026-04-26 18:08:42.188 (   0.070s) [main thread     ]      omap_importer.cpp:139   INFO| .   Imported area object with symbol 407000
2026-04-26 18:08:42.188 (   0.070s) [main thread     ]      omap_importer.cpp:147   INFO| .   Imported path object with symbol 416000
2026-04-26 18:08:42.188 (   0.070s) [main thread     ]      omap_importer.cpp:139   INFO| .   Imported area object with symbol 408000
2026-04-26 18:08:42.188 (   0.070s) [main thread     ]      omap_importer.cpp:147   INFO| .   Imported path object with symbol 110000
2026-04-26 18:08:42.188 (   0.070s) [main thread     ]      omap_importer.cpp:147   INFO| .   Imported path object with symbol 110000
2026-04-26 18:08:42.188 (   0.070s) [main thread     ]      omap_importer.cpp:139   INFO| .   Imported area object with symbol 408000
2026-04-26 18:08:42.188 (   0.070s) [main thread     ]      omap_importer.cpp:139   INFO| .   Imported area object with symbol 406000
2026-04-26 18:08:42.188 (   0.070s) [main thread     ]      omap_importer.cpp:139   INFO| .   Imported area object with symbol 406000
2026-04-26 18:08:42.188 (   0.070s) [main thread     ]      omap_importer.cpp:139   INFO| .   Imported area object with symbol 407000
2026-04-26 18:08:42.188 (   0.070s) [main thread     ]      omap_importer.cpp:139   INFO| .   Imported area object with symbol 409000
2026-04-26 18:08:42.188 (   0.070s) [main thread     ]      omap_importer.cpp:139   INFO| .   Imported area object with symbol 401000
2026-04-26 18:08:42.188 (   0.070s) [main thread     ]      omap_importer.cpp:147   INFO| .   Imported path object with symbol 110000
2026-04-26 18:08:42.188 (   0.070s) [main thread     ]      omap_importer.cpp:139   INFO| .   Imported area object with symbol 409000
2026-04-26 18:08:42.188 (   0.070s) [main thread     ]      omap_importer.cpp:139   INFO| .   Imported area object with symbol 409000
2026-04-26 18:08:42.188 (   0.070s) [main thread     ]      omap_importer.cpp:139   INFO| .   Imported area object with symbol 409000
2026-04-26 18:08:42.188 (   0.070s) [main thread     ]      omap_importer.cpp:139   INFO| .   Imported area object with symbol 408000
2026-04-26 18:08:42.188 (   0.070s) [main thread     ]      omap_importer.cpp:139   INFO| .   Imported area object with symbol 409000
2026-04-26 18:08:42.188 (   0.070s) [main thread     ]      omap_importer.cpp:139   INFO| .   Imported area object with symbol 409000
2026-04-26 18:08:42.188 (   0.070s) [main thread     ]      omap_importer.cpp:139   INFO| .   Imported area object with symbol 409000
2026-04-26 18:08:42.188 (   0.070s) [main thread     ]      omap_importer.cpp:139   INFO| .   Imported area object with symbol 409000
2026-04-26 18:08:42.188 (   0.070s) [main thread     ]      omap_importer.cpp:139   INFO| .   Imported area object with symbol 409000
2026-04-26 18:08:42.188 (   0.070s) [main thread     ]      omap_importer.cpp:147   INFO| .   Imported path object with symbol 416000
2026-04-26 18:08:42.188 (   0.070s) [main thread     ]      omap_importer.cpp:139   INFO| .   Imported area object with symbol 409000
2026-04-26 18:08:42.188 (   0.070s) [main thread     ]      omap_importer.cpp:147   INFO| .   Imported path object with symbol 110000
2026-04-26 18:08:42.188 (   0.070s) [main thread     ]      omap_importer.cpp:139   INFO| .   Imported area object with symbol 409000
2026-04-26 18:08:42.188 (   0.070s) [main thread     ]      omap_importer.cpp:139   INFO| .   Imported area object with symbol 407000
2026-04-26 18:08:42.188 (   0.070s) [main thread     ]      omap_importer.cpp:139   INFO| .   Imported area object with symbol 409000
2026-04-26 18:08:42.188 (   0.070s) [main thread     ]      omap_importer.cpp:156   INFO| .   Imported point object with symbol 418000
2026-04-26 18:08:42.188 (   0.070s) [main thread     ]      omap_importer.cpp:147   INFO| .   Imported path object with symbol 110000
2026-04-26 18:08:42.188 (   0.070s) [main thread     ]      omap_importer.cpp:147   INFO| .   Imported path object with symbol 524000
2026-04-26 18:08:42.188 (   0.070s) [main thread     ]      omap_importer.cpp:139   INFO| .   Imported area object with symbol 526000
2026-04-26 18:08:42.188 (   0.070s) [main thread     ]      omap_importer.cpp:139   INFO| .   Imported area object with symbol 526000
2026-04-26 18:08:42.188 (   0.070s) [main thread     ]      omap_importer.cpp:139   INFO| .   Imported area object with symbol 526000
2026-04-26 18:08:42.188 (   0.070s) [main thread     ]      omap_importer.cpp:139   INFO| .   Imported area object with symbol 526000
2026-04-26 18:08:42.188 (   0.070s) [main thread     ]      omap_importer.cpp:139   INFO| .   Imported area object with symbol 526000
2026-04-26 18:08:42.188 (   0.070s) [main thread     ]      omap_importer.cpp:139   INFO| .   Imported area object with symbol 526000
2026-04-26 18:08:42.188 (   0.070s) [main thread     ]      omap_importer.cpp:139   INFO| .   Imported area object with symbol 526000
2026-04-26 18:08:42.188 (   0.070s) [main thread     ]      omap_importer.cpp:139   INFO| .   Imported area object with symbol 526000
2026-04-26 18:08:42.188 (   0.070s) [main thread     ]      omap_importer.cpp:139   INFO| .   Imported area object with symbol 526000
2026-04-26 18:08:42.188 (   0.070s) [main thread     ]      omap_importer.cpp:139   INFO| .   Imported area object with symbol 526000
2026-04-26 18:08:42.188 (   0.070s) [main thread     ]      omap_importer.cpp:139   INFO| .   Imported area object with symbol 526000
2026-04-26 18:08:42.188 (   0.070s) [main thread     ]      omap_importer.cpp:139   INFO| .   Imported area object with symbol 526000
2026-04-26 18:08:42.188 (   0.070s) [main thread     ]      omap_importer.cpp:147   INFO| .   Imported path object with symbol 503000
2026-04-26 18:08:42.188 (   0.070s) [main thread     ]      omap_importer.cpp:147   INFO| .   Imported path object with symbol 503000
2026-04-26 18:08:42.188 (   0.070s) [main thread     ]      omap_importer.cpp:139   INFO| .   Imported area object with symbol 526000
2026-04-26 18:08:42.188 (   0.070s) [main thread     ]      omap_importer.cpp:139   INFO| .   Imported area object with symbol 526000
2026-04-26 18:08:42.188 (   0.070s) [main thread     ]      omap_importer.cpp:139   INFO| .   Imported area object with symbol 526000
2026-04-26 18:08:42.188 (   0.070s) [main thread     ]      omap_importer.cpp:139   INFO| .   Imported area object with symbol 526000
2026-04-26 18:08:42.188 (   0.070s) [main thread     ]      omap_importer.cpp:139   INFO| .   Imported area object with symbol 526000
2026-04-26 18:08:42.188 (   0.070s) [main thread     ]      omap_importer.cpp:139   INFO| .   Imported area object with symbol 526000
2026-04-26 18:08:42.188 (   0.070s) [main thread     ]      omap_importer.cpp:139   INFO| .   Imported area object with symbol 526000
2026-04-26 18:08:42.188 (   0.070s) [main thread     ]      omap_importer.cpp:147   INFO| .   Imported path object with symbol 414000
2026-04-26 18:08:42.188 (   0.071s) [main thread     ]      omap_importer.cpp:147   INFO| .   Imported path object with symbol 414000
2026-04-26 18:08:42.188 (   0.071s) [main thread     ]      omap_importer.cpp:139   INFO| .   Imported area object with symbol 401000
2026-04-26 18:08:42.188 (   0.071s) [main thread     ]      omap_importer.cpp:139   INFO| .   Imported area object with symbol 415000
2026-04-26 18:08:42.188 (   0.071s) [main thread     ]      omap_importer.cpp:139   INFO| .   Imported area object with symbol 415000
2026-04-26 18:08:42.188 (   0.071s) [main thread     ]      omap_importer.cpp:139   INFO| .   Imported area object with symbol 526000
2026-04-26 18:08:42.188 (   0.071s) [main thread     ]      omap_importer.cpp:147   INFO| .   Imported path object with symbol 524000
2026-04-26 18:08:42.188 (   0.071s) [main thread     ]      omap_importer.cpp:139   INFO| .   Imported area object with symbol 526000
2026-04-26 18:08:42.188 (   0.071s) [main thread     ]      omap_importer.cpp:139   INFO| .   Imported area object with symbol 526000
2026-04-26 18:08:42.188 (   0.071s) [main thread     ]      omap_importer.cpp:139   INFO| .   Imported area object with symbol 526000
2026-04-26 18:08:42.188 (   0.071s) [main thread     ]      omap_importer.cpp:139   INFO| .   Imported area object with symbol 526000
2026-04-26 18:08:42.188 (   0.071s) [main thread     ]      omap_importer.cpp:139   INFO| .   Imported area object with symbol 526000
2026-04-26 18:08:42.188 (   0.071s) [main thread     ]      omap_importer.cpp:147   INFO| .   Imported path object with symbol 414000
2026-04-26 18:08:42.188 (   0.071s) [main thread     ]      omap_importer.cpp:139   INFO| .   Imported area object with symbol 526000
2026-04-26 18:08:42.188 (   0.071s) [main thread     ]      omap_importer.cpp:139   INFO| .   Imported area object with symbol 526000
2026-04-26 18:08:42.188 (   0.071s) [main thread     ]      omap_importer.cpp:139   INFO| .   Imported area object with symbol 526000
2026-04-26 18:08:42.188 (   0.071s) [main thread     ]      omap_importer.cpp:139   INFO| .   Imported area object with symbol 526000
2026-04-26 18:08:42.188 (   0.071s) [main thread     ]      omap_importer.cpp:139   INFO| .   Imported area object with symbol 526000
2026-04-26 18:08:42.188 (   0.071s) [main thread     ]      omap_importer.cpp:139   INFO| .   Imported area object with symbol 526000
2026-04-26 18:08:42.188 (   0.071s) [main thread     ]      omap_importer.cpp:139   INFO| .   Imported area object with symbol 526000
2026-04-26 18:08:42.188 (   0.071s) [main thread     ]      omap_importer.cpp:139   INFO| .   Imported area object with symbol 526000
2026-04-26 18:08:42.188 (   0.071s) [main thread     ]      omap_importer.cpp:139   INFO| .   Imported area object with symbol 526000
2026-04-26 18:08:42.188 (   0.071s) [main thread     ]      omap_importer.cpp:139   INFO| .   Imported area object with symbol 526000
2026-04-26 18:08:42.188 (   0.071s) [main thread     ]      omap_importer.cpp:139   INFO| .   Imported area object with symbol 526000
2026-04-26 18:08:42.188 (   0.071s) [main thread     ]      omap_importer.cpp:139   INFO| .   Imported area object with symbol 526000
2026-04-26 18:08:42.188 (   0.071s) [main thread     ]      omap_importer.cpp:139   INFO| .   Imported area object with symbol 526000
2026-04-26 18:08:42.188 (   0.071s) [main thread     ]      omap_importer.cpp:147   INFO| .   Imported path object with symbol 414000
2026-04-26 18:08:42.188 (   0.071s) [main thread     ]      omap_importer.cpp:156   INFO| .   Imported point object with symbol 418000
2026-04-26 18:08:42.188 (   0.071s) [main thread     ]      omap_importer.cpp:147   INFO| .   Imported path object with symbol 509000
2026-04-26 18:08:42.188 (   0.071s) [main thread     ]      omap_importer.cpp:156   INFO| .   Imported point object with symbol 115000
2026-04-26 18:08:42.188 (   0.071s) [main thread     ]      omap_importer.cpp:156   INFO| .   Imported point object with symbol 532000
2026-04-26 18:08:42.188 (   0.071s) [main thread     ]      omap_importer.cpp:139   INFO| .   Imported area object with symbol 409000
2026-04-26 18:08:42.188 (   0.071s) [main thread     ]      omap_importer.cpp:139   INFO| .   Imported area object with symbol 407000
2026-04-26 18:08:42.188 (   0.071s) [main thread     ]      omap_importer.cpp:139   INFO| .   Imported area object with symbol 409000
2026-04-26 18:08:42.188 (   0.071s) [main thread     ]      omap_importer.cpp:139   INFO| .   Imported area object with symbol 409000
2026-04-26 18:08:42.188 (   0.071s) [main thread     ]      omap_importer.cpp:139   INFO| .   Imported area object with symbol 409000
2026-04-26 18:08:42.188 (   0.071s) [main thread     ]      omap_importer.cpp:139   INFO| .   Imported area object with symbol 409000
2026-04-26 18:08:42.188 (   0.071s) [main thread     ]      omap_importer.cpp:139   INFO| .   Imported area object with symbol 409000
2026-04-26 18:08:42.188 (   0.071s) [main thread     ]      omap_importer.cpp:139   INFO| .   Imported area object with symbol 409000
2026-04-26 18:08:42.188 (   0.071s) [main thread     ]      omap_importer.cpp:139   INFO| .   Imported area object with symbol 407000
2026-04-26 18:08:42.188 (   0.071s) [main thread     ]      omap_importer.cpp:139   INFO| .   Imported area object with symbol 409000
2026-04-26 18:08:42.188 (   0.071s) [main thread     ]      omap_importer.cpp:147   INFO| .   Imported path object with symbol 416000
2026-04-26 18:08:42.188 (   0.071s) [main thread     ]      omap_importer.cpp:139   INFO| .   Imported area object with symbol 401000
2026-04-26 18:08:42.188 (   0.071s) [main thread     ]      omap_importer.cpp:147   INFO| .   Imported path object with symbol 416000
2026-04-26 18:08:42.188 (   0.071s) [main thread     ]      omap_importer.cpp:139   INFO| .   Imported area object with symbol 401000
2026-04-26 18:08:42.188 (   0.071s) [main thread     ]      omap_importer.cpp:139   INFO| .   Imported area object with symbol 410000
2026-04-26 18:08:42.188 (   0.071s) [main thread     ]      omap_importer.cpp:147   INFO| .   Imported path object with symbol 416000
2026-04-26 18:08:42.188 (   0.071s) [main thread     ]      omap_importer.cpp:147   INFO| .   Imported path object with symbol 524000
2026-04-26 18:08:42.188 (   0.071s) [main thread     ]      omap_importer.cpp:147   INFO| .   Imported path object with symbol 506000
2026-04-26 18:08:42.188 (   0.071s) [main thread     ]      omap_importer.cpp:139   INFO| .   Imported area object with symbol 409000
2026-04-26 18:08:42.188 (   0.071s) [main thread     ]      omap_importer.cpp:139   INFO| .   Imported area object with symbol 409000
2026-04-26 18:08:42.188 (   0.071s) [main thread     ]      omap_importer.cpp:139   INFO| .   Imported area object with symbol 408000
2026-04-26 18:08:42.188 (   0.071s) [main thread     ]      omap_importer.cpp:139   INFO| .   Imported area object with symbol 409000
2026-04-26 18:08:42.188 (   0.071s) [main thread     ]      omap_importer.cpp:139   INFO| .   Imported area object with symbol 409000
2026-04-26 18:08:42.188 (   0.071s) [main thread     ]      omap_importer.cpp:139   INFO| .   Imported area object with symbol 409000
2026-04-26 18:08:42.188 (   0.071s) [main thread     ]      omap_importer.cpp:139   INFO| .   Imported area object with symbol 407000
2026-04-26 18:08:42.188 (   0.071s) [main thread     ]      omap_importer.cpp:139   INFO| .   Imported area object with symbol 409000
2026-04-26 18:08:42.188 (   0.071s) [main thread     ]      omap_importer.cpp:139   INFO| .   Imported area object with symbol 409000
2026-04-26 18:08:42.189 (   0.071s) [main thread     ]      omap_importer.cpp:147   INFO| .   Imported path object with symbol 416000
2026-04-26 18:08:42.189 (   0.071s) [main thread     ]      omap_importer.cpp:139   INFO| .   Imported area object with symbol 409000
2026-04-26 18:08:42.189 (   0.071s) [main thread     ]      omap_importer.cpp:139   INFO| .   Imported area object with symbol 407000
2026-04-26 18:08:42.189 (   0.071s) [main thread     ]      omap_importer.cpp:139   INFO| .   Imported area object with symbol 408000
2026-04-26 18:08:42.189 (   0.071s) [main thread     ]      omap_importer.cpp:147   INFO| .   Imported path object with symbol 416000
2026-04-26 18:08:42.189 (   0.071s) [main thread     ]      omap_importer.cpp:139   INFO| .   Imported area object with symbol 403000
2026-04-26 18:08:42.189 (   0.071s) [main thread     ]      omap_importer.cpp:139   INFO| .   Imported area object with symbol 409000
2026-04-26 18:08:42.189 (   0.071s) [main thread     ]      omap_importer.cpp:139   INFO| .   Imported area object with symbol 407000
2026-04-26 18:08:42.189 (   0.071s) [main thread     ]      omap_importer.cpp:147   INFO| .   Imported path object with symbol 509000
2026-04-26 18:08:42.189 (   0.071s) [main thread     ]      omap_importer.cpp:139   INFO| .   Imported area object with symbol 409000
2026-04-26 18:08:42.189 (   0.071s) [main thread     ]      omap_importer.cpp:139   INFO| .   Imported area object with symbol 529000
2026-04-26 18:08:42.189 (   0.071s) [main thread     ]      omap_importer.cpp:147   INFO| .   Imported path object with symbol 414000
2026-04-26 18:08:42.189 (   0.071s) [main thread     ]      omap_importer.cpp:139   INFO| .   Imported area object with symbol 406000
2026-04-26 18:08:42.189 (   0.071s) [main thread     ]      omap_importer.cpp:139   INFO| .   Imported area object with symbol 408000
2026-04-26 18:08:42.189 (   0.071s) [main thread     ]      omap_importer.cpp:139   INFO| .   Imported area object with symbol 406000
2026-04-26 18:08:42.189 (   0.071s) [main thread     ]      omap_importer.cpp:139   INFO| .   Imported area object with symbol 410000
2026-04-26 18:08:42.189 (   0.071s) [main thread     ]      omap_importer.cpp:139   INFO| .   Imported area object with symbol 409000
2026-04-26 18:08:42.189 (   0.071s) [main thread     ]      omap_importer.cpp:147   INFO| .   Imported path object with symbol 416000
2026-04-26 18:08:42.189 (   0.071s) [main thread     ]      omap_importer.cpp:139   INFO| .   Imported area object with symbol 407000
2026-04-26 18:08:42.189 (   0.071s) [main thread     ]      omap_importer.cpp:139   INFO| .   Imported area object with symbol 404000
2026-04-26 18:08:42.189 (   0.071s) [main thread     ]      omap_importer.cpp:139   INFO| .   Imported area object with symbol 409000
2026-04-26 18:08:42.189 (   0.071s) [main thread     ]      omap_importer.cpp:147   INFO| .   Imported path object with symbol 506000
2026-04-26 18:08:42.189 (   0.071s) [main thread     ]      omap_importer.cpp:139   INFO| .   Imported area object with symbol 409000
2026-04-26 18:08:42.189 (   0.071s) [main thread     ]      omap_importer.cpp:156   INFO| .   Imported point object with symbol 419000
2026-04-26 18:08:42.189 (   0.071s) [main thread     ]      omap_importer.cpp:139   INFO| .   Imported area object with symbol 410000
2026-04-26 18:08:42.189 (   0.071s) [main thread     ]      omap_importer.cpp:139   INFO| .   Imported area object with symbol 407000
2026-04-26 18:08:42.189 (   0.071s) [main thread     ]      omap_importer.cpp:139   INFO| .   Imported area object with symbol 409000
2026-04-26 18:08:42.189 (   0.071s) [main thread     ]      omap_importer.cpp:139   INFO| .   Imported area object with symbol 404000
2026-04-26 18:08:42.189 (   0.071s) [main thread     ]      omap_importer.cpp:147   INFO| .   Imported path object with symbol 110000
2026-04-26 18:08:42.189 (   0.071s) [main thread     ]      omap_importer.cpp:139   INFO| .   Imported area object with symbol 409000
2026-04-26 18:08:42.189 (   0.071s) [main thread     ]      omap_importer.cpp:147   INFO| .   Imported path object with symbol 416000
2026-04-26 18:08:42.189 (   0.071s) [main thread     ]      omap_importer.cpp:139   INFO| .   Imported area object with symbol 409000
2026-04-26 18:08:42.189 (   0.071s) [main thread     ]      omap_importer.cpp:139   INFO| .   Imported area object with symbol 409000
2026-04-26 18:08:42.189 (   0.071s) [main thread     ]      omap_importer.cpp:139   INFO| .   Imported area object with symbol 406000
2026-04-26 18:08:42.189 (   0.071s) [main thread     ]      omap_importer.cpp:147   INFO| .   Imported path object with symbol 101000
2026-04-26 18:08:42.189 (   0.071s) [main thread     ]      omap_importer.cpp:147   INFO| .   Imported path object with symbol 101000
2026-04-26 18:08:42.189 (   0.071s) [main thread     ]      omap_importer.cpp:147   INFO| .   Imported path object with symbol 102000
2026-04-26 18:08:42.189 (   0.071s) [main thread     ]      omap_importer.cpp:147   INFO| .   Imported path object with symbol 102000
2026-04-26 18:08:42.189 (   0.071s) [main thread     ]      omap_importer.cpp:147   INFO| .   Imported path object with symbol 101000
2026-04-26 18:08:42.189 (   0.071s) [main thread     ]      omap_importer.cpp:147   INFO| .   Imported path object with symbol 508000
2026-04-26 18:08:42.189 (   0.071s) [main thread     ]      omap_importer.cpp:139   INFO| .   Imported area object with symbol 403000
2026-04-26 18:08:42.189 (   0.071s) [main thread     ]      omap_importer.cpp:139   INFO| .   Imported area object with symbol 409000
2026-04-26 18:08:42.189 (   0.071s) [main thread     ]      omap_importer.cpp:147   INFO| .   Imported path object with symbol 110000
2026-04-26 18:08:42.189 (   0.071s) [main thread     ]      omap_importer.cpp:147   INFO| .   Imported path object with symbol 109000
2026-04-26 18:08:42.189 (   0.071s) [main thread     ]      omap_importer.cpp:139   INFO| .   Imported area object with symbol 406000
2026-04-26 18:08:42.189 (   0.071s) [main thread     ]      omap_importer.cpp:139   INFO| .   Imported area object with symbol 406000
2026-04-26 18:08:42.189 (   0.071s) [main thread     ]      omap_importer.cpp:139   INFO| .   Imported area object with symbol 408000
2026-04-26 18:08:42.189 (   0.071s) [main thread     ]      omap_importer.cpp:139   INFO| .   Imported area object with symbol 406000
2026-04-26 18:08:42.189 (   0.071s) [main thread     ]      omap_importer.cpp:139   INFO| .   Imported area object with symbol 408000
2026-04-26 18:08:42.189 (   0.071s) [main thread     ]      omap_importer.cpp:139   INFO| .   Imported area object with symbol 406000
2026-04-26 18:08:42.189 (   0.071s) [main thread     ]      omap_importer.cpp:139   INFO| .   Imported area object with symbol 410000
2026-04-26 18:08:42.189 (   0.071s) [main thread     ]      omap_importer.cpp:139   INFO| .   Imported area object with symbol 410000
2026-04-26 18:08:42.189 (   0.071s) [main thread     ]      omap_importer.cpp:139   INFO| .   Imported area object with symbol 406000
2026-04-26 18:08:42.189 (   0.071s) [main thread     ]      omap_importer.cpp:139   INFO| .   Imported area object with symbol 408000
2026-04-26 18:08:42.189 (   0.071s) [main thread     ]      omap_importer.cpp:147   INFO| .   Imported path object with symbol 416000
2026-04-26 18:08:42.189 (   0.071s) [main thread     ]      omap_importer.cpp:147   INFO| .   Imported path object with symbol 416000
2026-04-26 18:08:42.189 (   0.071s) [main thread     ]      omap_importer.cpp:139   INFO| .   Imported area object with symbol 406000
2026-04-26 18:08:42.189 (   0.071s) [main thread     ]      omap_importer.cpp:139   INFO| .   Imported area object with symbol 409000
2026-04-26 18:08:42.189 (   0.071s) [main thread     ]      omap_importer.cpp:139   INFO| .   Imported area object with symbol 403000
2026-04-26 18:08:42.189 (   0.071s) [main thread     ]      omap_importer.cpp:139   INFO| .   Imported area object with symbol 409000
2026-04-26 18:08:42.189 (   0.071s) [main thread     ]      omap_importer.cpp:147   INFO| .   Imported path object with symbol 416000
2026-04-26 18:08:42.189 (   0.071s) [main thread     ]      omap_importer.cpp:139   INFO| .   Imported area object with symbol 403000
2026-04-26 18:08:42.189 (   0.071s) [main thread     ]      omap_importer.cpp:139   INFO| .   Imported area object with symbol 408000
2026-04-26 18:08:42.189 (   0.071s) [main thread     ]      omap_importer.cpp:147   INFO| .   Imported path object with symbol 416000
2026-04-26 18:08:42.189 (   0.071s) [main thread     ]      omap_importer.cpp:139   INFO| .   Imported area object with symbol 403000
2026-04-26 18:08:42.189 (   0.071s) [main thread     ]      omap_importer.cpp:147   INFO| .   Imported path object with symbol 414000
2026-04-26 18:08:42.189 (   0.071s) [main thread     ]      omap_importer.cpp:147   INFO| .   Imported path object with symbol 414000
2026-04-26 18:08:42.189 (   0.071s) [main thread     ]      omap_importer.cpp:139   INFO| .   Imported area object with symbol 529000
2026-04-26 18:08:42.189 (   0.072s) [main thread     ]      omap_importer.cpp:147   INFO| .   Imported path object with symbol 414000
2026-04-26 18:08:42.189 (   0.072s) [main thread     ]      omap_importer.cpp:139   INFO| .   Imported area object with symbol 529000
2026-04-26 18:08:42.189 (   0.072s) [main thread     ]      omap_importer.cpp:147   INFO| .   Imported path object with symbol 414000
2026-04-26 18:08:42.189 (   0.072s) [main thread     ]      omap_importer.cpp:139   INFO| .   Imported area object with symbol 529000
2026-04-26 18:08:42.189 (   0.072s) [main thread     ]      omap_importer.cpp:139   INFO| .   Imported area object with symbol 526000
2026-04-26 18:08:42.189 (   0.072s) [main thread     ]      omap_importer.cpp:147   INFO| .   Imported path object with symbol 414000
2026-04-26 18:08:42.189 (   0.072s) [main thread     ]      omap_importer.cpp:139   INFO| .   Imported area object with symbol 529000
2026-04-26 18:08:42.189 (   0.072s) [main thread     ]      omap_importer.cpp:147   INFO| .   Imported path object with symbol 524000
2026-04-26 18:08:42.189 (   0.072s) [main thread     ]      omap_importer.cpp:139   INFO| .   Imported area object with symbol 410000
2026-04-26 18:08:42.189 (   0.072s) [main thread     ]      omap_importer.cpp:139   INFO| .   Imported area object with symbol 410000
2026-04-26 18:08:42.189 (   0.072s) [main thread     ]      omap_importer.cpp:139   INFO| .   Imported area object with symbol 410000
2026-04-26 18:08:42.189 (   0.072s) [main thread     ]      omap_importer.cpp:147   INFO| .   Imported path object with symbol 416000
2026-04-26 18:08:42.189 (   0.072s) [main thread     ]      omap_importer.cpp:147   INFO| .   Imported path object with symbol 416000
2026-04-26 18:08:42.189 (   0.072s) [main thread     ]      omap_importer.cpp:147   INFO| .   Imported path object with symbol 416000
2026-04-26 18:08:42.189 (   0.072s) [main thread     ]      omap_importer.cpp:139   INFO| .   Imported area object with symbol 401000
2026-04-26 18:08:42.189 (   0.072s) [main thread     ]      omap_importer.cpp:147   INFO| .   Imported path object with symbol 414000
2026-04-26 18:08:42.189 (   0.072s) [main thread     ]      omap_importer.cpp:147   INFO| .   Imported path object with symbol 414000
2026-04-26 18:08:42.189 (   0.072s) [main thread     ]      omap_importer.cpp:147   INFO| .   Imported path object with symbol 414000
2026-04-26 18:08:42.189 (   0.072s) [main thread     ]      omap_importer.cpp:139   INFO| .   Imported area object with symbol 529000
2026-04-26 18:08:42.189 (   0.072s) [main thread     ]      omap_importer.cpp:139   INFO| .   Imported area object with symbol 529000
2026-04-26 18:08:42.189 (   0.072s) [main thread     ]      omap_importer.cpp:147   INFO| .   Imported path object with symbol 414000
2026-04-26 18:08:42.189 (   0.072s) [main thread     ]      omap_importer.cpp:147   INFO| .   Imported path object with symbol 414000
2026-04-26 18:08:42.189 (   0.072s) [main thread     ]      omap_importer.cpp:139   INFO| .   Imported area object with symbol 529000
2026-04-26 18:08:42.189 (   0.072s) [main thread     ]      omap_importer.cpp:147   INFO| .   Imported path object with symbol 414000
2026-04-26 18:08:42.189 (   0.072s) [main thread     ]      omap_importer.cpp:147   INFO| .   Imported path object with symbol 414000
2026-04-26 18:08:42.189 (   0.072s) [main thread     ]      omap_importer.cpp:139   INFO| .   Imported area object with symbol 526000
2026-04-26 18:08:42.189 (   0.072s) [main thread     ]      omap_importer.cpp:147   INFO| .   Imported path object with symbol 414000
2026-04-26 18:08:42.189 (   0.072s) [main thread     ]      omap_importer.cpp:139   INFO| .   Imported area object with symbol 529000
2026-04-26 18:08:42.189 (   0.072s) [main thread     ]      omap_importer.cpp:139   INFO| .   Imported area object with symbol 527000
2026-04-26 18:08:42.189 (   0.072s) [main thread     ]      omap_importer.cpp:139   INFO| .   Imported area object with symbol 529000
2026-04-26 18:08:42.189 (   0.072s) [main thread     ]      omap_importer.cpp:147   INFO| .   Imported path object with symbol 414000
2026-04-26 18:08:42.189 (   0.072s) [main thread     ]      omap_importer.cpp:147   INFO| .   Imported path object with symbol 414000
2026-04-26 18:08:42.189 (   0.072s) [main thread     ]      omap_importer.cpp:139   INFO| .   Imported area object with symbol 529000
2026-04-26 18:08:42.189 (   0.072s) [main thread     ]      omap_importer.cpp:139   INFO| .   Imported area object with symbol 529000
2026-04-26 18:08:42.189 (   0.072s) [main thread     ]      omap_importer.cpp:147   INFO| .   Imported path object with symbol 414000
2026-04-26 18:08:42.189 (   0.072s) [main thread     ]      omap_importer.cpp:147   INFO| .   Imported path object with symbol 414000
2026-04-26 18:08:42.189 (   0.072s) [main thread     ]      omap_importer.cpp:147   INFO| .   Imported path object with symbol 414000
2026-04-26 18:08:42.189 (   0.072s) [main thread     ]      omap_importer.cpp:139   INFO| .   Imported area object with symbol 529000
2026-04-26 18:08:42.189 (   0.072s) [main thread     ]      omap_importer.cpp:139   INFO| .   Imported area object with symbol 529000
2026-04-26 18:08:42.189 (   0.072s) [main thread     ]      omap_importer.cpp:139   INFO| .   Imported area object with symbol 529000
2026-04-26 18:08:42.189 (   0.072s) [main thread     ]      omap_importer.cpp:139   INFO| .   Imported area object with symbol 527000
2026-04-26 18:08:42.189 (   0.072s) [main thread     ]      omap_importer.cpp:139   INFO| .   Imported area object with symbol 527000
2026-04-26 18:08:42.189 (   0.072s) [main thread     ]      omap_importer.cpp:147   INFO| .   Imported path object with symbol 416000
2026-04-26 18:08:42.189 (   0.072s) [main thread     ]      omap_importer.cpp:147   INFO| .   Imported path object with symbol 416000
2026-04-26 18:08:42.189 (   0.072s) [main thread     ]      omap_importer.cpp:139   INFO| .   Imported area object with symbol 526000
2026-04-26 18:08:42.189 (   0.072s) [main thread     ]      omap_importer.cpp:139   INFO| .   Imported area object with symbol 526000
2026-04-26 18:08:42.189 (   0.072s) [main thread     ]      omap_importer.cpp:139   INFO| .   Imported area object with symbol 526000
2026-04-26 18:08:42.189 (   0.072s) [main thread     ]      omap_importer.cpp:139   INFO| .   Imported area object with symbol 529000
2026-04-26 18:08:42.189 (   0.072s) [main thread     ]      omap_importer.cpp:156   INFO| .   Imported point object with symbol 418000
2026-04-26 18:08:42.189 (   0.072s) [main thread     ]      omap_importer.cpp:147   INFO| .   Imported path object with symbol 106000
2026-04-26 18:08:42.189 (   0.072s) [main thread     ]      omap_importer.cpp:147   INFO| .   Imported path object with symbol 106000
2026-04-26 18:08:42.189 (   0.072s) [main thread     ]      omap_importer.cpp:139   INFO| .   Imported area object with symbol 409000
2026-04-26 18:08:42.189 (   0.072s) [main thread     ]      omap_importer.cpp:139   INFO| .   Imported area object with symbol 406000
2026-04-26 18:08:42.189 (   0.072s) [main thread     ]      omap_importer.cpp:147   INFO| .   Imported path object with symbol 107000
2026-04-26 18:08:42.189 (   0.072s) [main thread     ]      omap_importer.cpp:139   INFO| .   Imported area object with symbol 406000
2026-04-26 18:08:42.189 (   0.072s) [main thread     ]      omap_importer.cpp:139   INFO| .   Imported area object with symbol 409000
2026-04-26 18:08:42.189 (   0.072s) [main thread     ]      omap_importer.cpp:139   INFO| .   Imported area object with symbol 403000
2026-04-26 18:08:42.190 (   0.072s) [main thread     ]      omap_importer.cpp:139   INFO| .   Imported area object with symbol 409000
2026-04-26 18:08:42.190 (   0.072s) [main thread     ]      omap_importer.cpp:147   INFO| .   Imported path object with symbol 110000
2026-04-26 18:08:42.190 (   0.072s) [main thread     ]      omap_importer.cpp:147   INFO| .   Imported path object with symbol 110000
2026-04-26 18:08:42.190 (   0.072s) [main thread     ]      omap_importer.cpp:139   INFO| .   Imported area object with symbol 410000
2026-04-26 18:08:42.190 (   0.072s) [main thread     ]      omap_importer.cpp:139   INFO| .   Imported area object with symbol 409000
2026-04-26 18:08:42.190 (   0.072s) [main thread     ]      omap_importer.cpp:147   INFO| .   Imported path object with symbol 103000
2026-04-26 18:08:42.190 (   0.072s) [main thread     ]      omap_importer.cpp:139   INFO| .   Imported area object with symbol 406000
2026-04-26 18:08:42.190 (   0.072s) [main thread     ]      omap_importer.cpp:147   INFO| .   Imported path object with symbol 524000
2026-04-26 18:08:42.190 (   0.072s) [main thread     ]      omap_importer.cpp:139   INFO| .   Imported area object with symbol 526000
2026-04-26 18:08:42.190 (   0.072s) [main thread     ]      omap_importer.cpp:139   INFO| .   Imported area object with symbol 526000
2026-04-26 18:08:42.190 (   0.072s) [main thread     ]      omap_importer.cpp:147   INFO| .   Imported path object with symbol 524000
2026-04-26 18:08:42.190 (   0.072s) [main thread     ]      omap_importer.cpp:139   INFO| .   Imported area object with symbol 526000
2026-04-26 18:08:42.190 (   0.072s) [main thread     ]      omap_importer.cpp:139   INFO| .   Imported area object with symbol 410000
2026-04-26 18:08:42.190 (   0.072s) [main thread     ]      omap_importer.cpp:139   INFO| .   Imported area object with symbol 410000
2026-04-26 18:08:42.190 (   0.072s) [main thread     ]      omap_importer.cpp:139   INFO| .   Imported area object with symbol 410000
2026-04-26 18:08:42.190 (   0.072s) [main thread     ]      omap_importer.cpp:147   INFO| .   Imported path object with symbol 416000
2026-04-26 18:08:42.190 (   0.072s) [main thread     ]      omap_importer.cpp:139   INFO| .   Imported area object with symbol 410000
2026-04-26 18:08:42.190 (   0.072s) [main thread     ]      omap_importer.cpp:147   INFO| .   Imported path object with symbol 416000
2026-04-26 18:08:42.190 (   0.072s) [main thread     ]      omap_importer.cpp:139   INFO| .   Imported area object with symbol 408000
2026-04-26 18:08:42.190 (   0.072s) [main thread     ]      omap_importer.cpp:139   INFO| .   Imported area object with symbol 408000
2026-04-26 18:08:42.190 (   0.072s) [main thread     ]      omap_importer.cpp:139   INFO| .   Imported area object with symbol 406000
2026-04-26 18:08:42.190 (   0.072s) [main thread     ]      omap_importer.cpp:139   INFO| .   Imported area object with symbol 403000
2026-04-26 18:08:42.190 (   0.072s) [main thread     ]      omap_importer.cpp:139   INFO| .   Imported area object with symbol 406000
2026-04-26 18:08:42.190 (   0.072s) [main thread     ]      omap_importer.cpp:156   INFO| .   Imported point object with symbol 419000
2026-04-26 18:08:42.190 (   0.072s) [main thread     ]      omap_importer.cpp:139   INFO| .   Imported area object with symbol 410000
2026-04-26 18:08:42.190 (   0.072s) [main thread     ]      omap_importer.cpp:139   INFO| .   Imported area object with symbol 406000
2026-04-26 18:08:42.190 (   0.072s) [main thread     ]      omap_importer.cpp:139   INFO| .   Imported area object with symbol 406000
2026-04-26 18:08:42.190 (   0.072s) [main thread     ]      omap_importer.cpp:139   INFO| .   Imported area object with symbol 408000
2026-04-26 18:08:42.190 (   0.072s) [main thread     ]      omap_importer.cpp:139   INFO| .   Imported area object with symbol 406000
2026-04-26 18:08:42.190 (   0.072s) [main thread     ]      omap_importer.cpp:139   INFO| .   Imported area object with symbol 410000
2026-04-26 18:08:42.190 (   0.072s) [main thread     ]      omap_importer.cpp:139   INFO| .   Imported area object with symbol 410000
2026-04-26 18:08:42.190 (   0.072s) [main thread     ]      omap_importer.cpp:139   INFO| .   Imported area object with symbol 406000
2026-04-26 18:08:42.190 (   0.072s) [main thread     ]      omap_importer.cpp:139   INFO| .   Imported area object with symbol 406000
2026-04-26 18:08:42.190 (   0.072s) [main thread     ]      omap_importer.cpp:139   INFO| .   Imported area object with symbol 410000
2026-04-26 18:08:42.190 (   0.072s) [main thread     ]      omap_importer.cpp:147   INFO| .   Imported path object with symbol 507000
2026-04-26 18:08:42.190 (   0.072s) [main thread     ]      omap_importer.cpp:147   INFO| .   Imported path object with symbol 414000
2026-04-26 18:08:42.190 (   0.072s) [main thread     ]      omap_importer.cpp:147   INFO| .   Imported path object with symbol 101000
2026-04-26 18:08:42.190 (   0.072s) [main thread     ]      omap_importer.cpp:147   INFO| .   Imported path object with symbol 101000
2026-04-26 18:08:42.190 (   0.072s) [main thread     ]      omap_importer.cpp:147   INFO| .   Imported path object with symbol 102000
2026-04-26 18:08:42.190 (   0.072s) [main thread     ]      omap_importer.cpp:147   INFO| .   Imported path object with symbol 102000
2026-04-26 18:08:42.190 (   0.072s) [main thread     ]      omap_importer.cpp:147   INFO| .   Imported path object with symbol 101000
2026-04-26 18:08:42.190 (   0.072s) [main thread     ]      omap_importer.cpp:147   INFO| .   Imported path object with symbol 101000
2026-04-26 18:08:42.190 (   0.072s) [main thread     ]      omap_importer.cpp:139   INFO| .   Imported area object with symbol 410000
2026-04-26 18:08:42.190 (   0.072s) [main thread     ]      omap_importer.cpp:139   INFO| .   Imported area object with symbol 409000
2026-04-26 18:08:42.190 (   0.072s) [main thread     ]      omap_importer.cpp:147   INFO| .   Imported path object with symbol 416000
2026-04-26 18:08:42.190 (   0.072s) [main thread     ]      omap_importer.cpp:139   INFO| .   Imported area object with symbol 406000
2026-04-26 18:08:42.190 (   0.072s) [main thread     ]      omap_importer.cpp:139   INFO| .   Imported area object with symbol 410000
2026-04-26 18:08:42.190 (   0.072s) [main thread     ]      omap_importer.cpp:139   INFO| .   Imported area object with symbol 406000
2026-04-26 18:08:42.190 (   0.072s) [main thread     ]      omap_importer.cpp:139   INFO| .   Imported area object with symbol 403000
2026-04-26 18:08:42.190 (   0.072s) [main thread     ]      omap_importer.cpp:139   INFO| .   Imported area object with symbol 408000
2026-04-26 18:08:42.190 (   0.072s) [main thread     ]      omap_importer.cpp:139   INFO| .   Imported area object with symbol 408000
2026-04-26 18:08:42.190 (   0.072s) [main thread     ]      omap_importer.cpp:139   INFO| .   Imported area object with symbol 410000
2026-04-26 18:08:42.190 (   0.072s) [main thread     ]      omap_importer.cpp:139   INFO| .   Imported area object with symbol 410000
2026-04-26 18:08:42.190 (   0.072s) [main thread     ]      omap_importer.cpp:139   INFO| .   Imported area object with symbol 406000
2026-04-26 18:08:42.190 (   0.072s) [main thread     ]      omap_importer.cpp:139   INFO| .   Imported area object with symbol 409000
2026-04-26 18:08:42.190 (   0.072s) [main thread     ]      omap_importer.cpp:139   INFO| .   Imported area object with symbol 403000
2026-04-26 18:08:42.190 (   0.072s) [main thread     ]      omap_importer.cpp:139   INFO| .   Imported area object with symbol 408000
2026-04-26 18:08:42.190 (   0.072s) [main thread     ]      omap_importer.cpp:139   INFO| .   Imported area object with symbol 526000
2026-04-26 18:08:42.190 (   0.072s) [main thread     ]      omap_importer.cpp:139   INFO| .   Imported area object with symbol 526000
2026-04-26 18:08:42.190 (   0.072s) [main thread     ]      omap_importer.cpp:139   INFO| .   Imported area object with symbol 403000
2026-04-26 18:08:42.190 (   0.072s) [main thread     ]      omap_importer.cpp:139   INFO| .   Imported area object with symbol 406000
2026-04-26 18:08:42.190 (   0.072s) [main thread     ]      omap_importer.cpp:139   INFO| .   Imported area object with symbol 408000
2026-04-26 18:08:42.190 (   0.072s) [main thread     ]      omap_importer.cpp:139   INFO| .   Imported area object with symbol 403000
2026-04-26 18:08:42.190 (   0.072s) [main thread     ]      omap_importer.cpp:139   INFO| .   Imported area object with symbol 406000
2026-04-26 18:08:42.190 (   0.072s) [main thread     ]      omap_importer.cpp:139   INFO| .   Imported area object with symbol 403000
2026-04-26 18:08:42.190 (   0.072s) [main thread     ]      omap_importer.cpp:139   INFO| .   Imported area object with symbol 407000
2026-04-26 18:08:42.190 (   0.072s) [main thread     ]      omap_importer.cpp:139   INFO| .   Imported area object with symbol 409000
2026-04-26 18:08:42.190 (   0.072s) [main thread     ]      omap_importer.cpp:139   INFO| .   Imported area object with symbol 408000
2026-04-26 18:08:42.190 (   0.072s) [main thread     ]      omap_importer.cpp:139   INFO| .   Imported area object with symbol 409000
2026-04-26 18:08:42.190 (   0.072s) [main thread     ]      omap_importer.cpp:139   INFO| .   Imported area object with symbol 406000
2026-04-26 18:08:42.190 (   0.072s) [main thread     ]      omap_importer.cpp:147   INFO| .   Imported path object with symbol 416000
2026-04-26 18:08:42.190 (   0.072s) [main thread     ]      omap_importer.cpp:139   INFO| .   Imported area object with symbol 406000
2026-04-26 18:08:42.190 (   0.072s) [main thread     ]      omap_importer.cpp:139   INFO| .   Imported area object with symbol 408000
2026-04-26 18:08:42.190 (   0.072s) [main thread     ]      omap_importer.cpp:139   INFO| .   Imported area object with symbol 410000
2026-04-26 18:08:42.190 (   0.072s) [main thread     ]      omap_importer.cpp:139   INFO| .   Imported area object with symbol 410000
2026-04-26 18:08:42.190 (   0.072s) [main thread     ]      omap_importer.cpp:147   INFO| .   Imported path object with symbol 416000
2026-04-26 18:08:42.190 (   0.073s) [main thread     ]      omap_importer.cpp:139   INFO| .   Imported area object with symbol 408000
2026-04-26 18:08:42.190 (   0.073s) [main thread     ]      omap_importer.cpp:147   INFO| .   Imported path object with symbol 524000
2026-04-26 18:08:42.190 (   0.073s) [main thread     ]      omap_importer.cpp:156   INFO| .   Imported point object with symbol 418000
2026-04-26 18:08:42.190 (   0.073s) [main thread     ]      omap_importer.cpp:156   INFO| .   Imported point object with symbol 418000
2026-04-26 18:08:42.190 (   0.073s) [main thread     ]      omap_importer.cpp:156   INFO| .   Imported point object with symbol 536000
2026-04-26 18:08:42.190 (   0.073s) [main thread     ]      omap_importer.cpp:156   INFO| .   Imported point object with symbol 419000
2026-04-26 18:08:42.190 (   0.073s) [main thread     ]      omap_importer.cpp:156   INFO| .   Imported point object with symbol 418000
2026-04-26 18:08:42.190 (   0.073s) [main thread     ]      omap_importer.cpp:156   INFO| .   Imported point object with symbol 418000
2026-04-26 18:08:42.190 (   0.073s) [main thread     ]      omap_importer.cpp:156   INFO| .   Imported point object with symbol 418000
2026-04-26 18:08:42.190 (   0.073s) [main thread     ]      omap_importer.cpp:156   INFO| .   Imported point object with symbol 115000
2026-04-26 18:08:42.190 (   0.073s) [main thread     ]      omap_importer.cpp:156   INFO| .   Imported point object with symbol 418000
2026-04-26 18:08:42.190 (   0.073s) [main thread     ]      omap_importer.cpp:147   INFO| .   Imported path object with symbol 201000
2026-04-26 18:08:42.190 (   0.073s) [main thread     ]      omap_importer.cpp:139   INFO| .   Imported area object with symbol 404000
2026-04-26 18:08:42.190 (   0.073s) [main thread     ]      omap_importer.cpp:139   INFO| .   Imported area object with symbol 409000
2026-04-26 18:08:42.190 (   0.073s) [main thread     ]      omap_importer.cpp:139   INFO| .   Imported area object with symbol 409000
2026-04-26 18:08:42.190 (   0.073s) [main thread     ]      omap_importer.cpp:139   INFO| .   Imported area object with symbol 409000
2026-04-26 18:08:42.190 (   0.073s) [main thread     ]      omap_importer.cpp:139   INFO| .   Imported area object with symbol 407000
2026-04-26 18:08:42.190 (   0.073s) [main thread     ]      omap_importer.cpp:139   INFO| .   Imported area object with symbol 404000
2026-04-26 18:08:42.190 (   0.073s) [main thread     ]      omap_importer.cpp:139   INFO| .   Imported area object with symbol 407000
2026-04-26 18:08:42.190 (   0.073s) [main thread     ]      omap_importer.cpp:139   INFO| .   Imported area object with symbol 404000
2026-04-26 18:08:42.190 (   0.073s) [main thread     ]      omap_importer.cpp:147   INFO| .   Imported path object with symbol 110000
2026-04-26 18:08:42.190 (   0.073s) [main thread     ]      omap_importer.cpp:139   INFO| .   Imported area object with symbol 403000
2026-04-26 18:08:42.190 (   0.073s) [main thread     ]      omap_importer.cpp:139   INFO| .   Imported area object with symbol 526000
2026-04-26 18:08:42.190 (   0.073s) [main thread     ]      omap_importer.cpp:156   INFO| .   Imported point object with symbol 418000
2026-04-26 18:08:42.190 (   0.073s) [main thread     ]      omap_importer.cpp:139   INFO| .   Imported area object with symbol 406000
2026-04-26 18:08:42.190 (   0.073s) [main thread     ]      omap_importer.cpp:139   INFO| .   Imported area object with symbol 406000
2026-04-26 18:08:42.190 (   0.073s) [main thread     ]      omap_importer.cpp:139   INFO| .   Imported area object with symbol 406000
2026-04-26 18:08:42.190 (   0.073s) [main thread     ]      omap_importer.cpp:139   INFO| .   Imported area object with symbol 408000
2026-04-26 18:08:42.190 (   0.073s) [main thread     ]      omap_importer.cpp:139   INFO| .   Imported area object with symbol 527000
2026-04-26 18:08:42.190 (   0.073s) [main thread     ]      omap_importer.cpp:139   INFO| .   Imported area object with symbol 406000
2026-04-26 18:08:42.190 (   0.073s) [main thread     ]      omap_importer.cpp:139   INFO| .   Imported area object with symbol 406000
2026-04-26 18:08:42.190 (   0.073s) [main thread     ]      omap_importer.cpp:139   INFO| .   Imported area object with symbol 406000
2026-04-26 18:08:42.190 (   0.073s) [main thread     ]      omap_importer.cpp:147   INFO| .   Imported path object with symbol 110000
2026-04-26 18:08:42.190 (   0.073s) [main thread     ]      omap_importer.cpp:139   INFO| .   Imported area object with symbol 406000
2026-04-26 18:08:42.190 (   0.073s) [main thread     ]      omap_importer.cpp:139   INFO| .   Imported area object with symbol 406000
2026-04-26 18:08:42.190 (   0.073s) [main thread     ]      omap_importer.cpp:139   INFO| .   Imported area object with symbol 406000
2026-04-26 18:08:42.190 (   0.073s) [main thread     ]      omap_importer.cpp:139   INFO| .   Imported area object with symbol 401000
2026-04-26 18:08:42.190 (   0.073s) [main thread     ]      omap_importer.cpp:147   INFO| .   Imported path object with symbol 103000
2026-04-26 18:08:42.190 (   0.073s) [main thread     ]      omap_importer.cpp:139   INFO| .   Imported area object with symbol 527000
2026-04-26 18:08:42.190 (   0.073s) [main thread     ]      omap_importer.cpp:147   INFO| .   Imported path object with symbol 102000
2026-04-26 18:08:42.190 (   0.073s) [main thread     ]      omap_importer.cpp:147   INFO| .   Imported path object with symbol 101000
2026-04-26 18:08:42.190 (   0.073s) [main thread     ]      omap_importer.cpp:147   INFO| .   Imported path object with symbol 416000
2026-04-26 18:08:42.190 (   0.073s) [main thread     ]      omap_importer.cpp:147   INFO| .   Imported path object with symbol 101000
2026-04-26 18:08:42.190 (   0.073s) [main thread     ]      omap_importer.cpp:147   INFO| .   Imported path object with symbol 101000
2026-04-26 18:08:42.190 (   0.073s) [main thread     ]      omap_importer.cpp:147   INFO| .   Imported path object with symbol 101000
2026-04-26 18:08:42.190 (   0.073s) [main thread     ]      omap_importer.cpp:147   INFO| .   Imported path object with symbol 101000
2026-04-26 18:08:42.190 (   0.073s) [main thread     ]      omap_importer.cpp:147   INFO| .   Imported path object with symbol 101000
2026-04-26 18:08:42.190 (   0.073s) [main thread     ]      omap_importer.cpp:147   INFO| .   Imported path object with symbol 101000
2026-04-26 18:08:42.190 (   0.073s) [main thread     ]      omap_importer.cpp:147   INFO| .   Imported path object with symbol 102000
2026-04-26 18:08:42.190 (   0.073s) [main thread     ]      omap_importer.cpp:147   INFO| .   Imported path object with symbol 101000
2026-04-26 18:08:42.190 (   0.073s) [main thread     ]      omap_importer.cpp:147   INFO| .   Imported path object with symbol 101000
2026-04-26 18:08:42.190 (   0.073s) [main thread     ]      omap_importer.cpp:147   INFO| .   Imported path object with symbol 102000
2026-04-26 18:08:42.191 (   0.073s) [main thread     ]      omap_importer.cpp:147   INFO| .   Imported path object with symbol 102000
2026-04-26 18:08:42.191 (   0.073s) [main thread     ]      omap_importer.cpp:147   INFO| .   Imported path object with symbol 101000
2026-04-26 18:08:42.191 (   0.073s) [main thread     ]      omap_importer.cpp:147   INFO| .   Imported path object with symbol 101000
2026-04-26 18:08:42.191 (   0.073s) [main thread     ]      omap_importer.cpp:139   INFO| .   Imported area object with symbol 408000
2026-04-26 18:08:42.191 (   0.073s) [main thread     ]      omap_importer.cpp:147   INFO| .   Imported path object with symbol 101000
2026-04-26 18:08:42.191 (   0.073s) [main thread     ]      omap_importer.cpp:147   INFO| .   Imported path object with symbol 110000
2026-04-26 18:08:42.191 (   0.073s) [main thread     ]      omap_importer.cpp:147   INFO| .   Imported path object with symbol 101000
2026-04-26 18:08:42.191 (   0.073s) [main thread     ]      omap_importer.cpp:147   INFO| .   Imported path object with symbol 110000
2026-04-26 18:08:42.191 (   0.073s) [main thread     ]      omap_importer.cpp:156   INFO| .   Imported point object with symbol 116000
2026-04-26 18:08:42.191 (   0.073s) [main thread     ]      omap_importer.cpp:147   INFO| .   Imported path object with symbol 102000
2026-04-26 18:08:42.191 (   0.073s) [main thread     ]      omap_importer.cpp:139   INFO| .   Imported area object with symbol 403000
2026-04-26 18:08:42.191 (   0.073s) [main thread     ]      omap_importer.cpp:147   INFO| .   Imported path object with symbol 101000
2026-04-26 18:08:42.191 (   0.073s) [main thread     ]      omap_importer.cpp:156   INFO| .   Imported point object with symbol 115000
2026-04-26 18:08:42.191 (   0.073s) [main thread     ]      omap_importer.cpp:139   INFO| .   Imported area object with symbol 406000
2026-04-26 18:08:42.191 (   0.073s) [main thread     ]      omap_importer.cpp:139   INFO| .   Imported area object with symbol 403000
2026-04-26 18:08:42.191 (   0.073s) [main thread     ]      omap_importer.cpp:147   INFO| .   Imported path object with symbol 509000
2026-04-26 18:08:42.191 (   0.073s) [main thread     ]      omap_importer.cpp:139   INFO| .   Imported area object with symbol 409000
2026-04-26 18:08:42.191 (   0.073s) [main thread     ]      omap_importer.cpp:139   INFO| .   Imported area object with symbol 407000
2026-04-26 18:08:42.191 (   0.073s) [main thread     ]      omap_importer.cpp:156   INFO| .   Imported point object with symbol 115000
2026-04-26 18:08:42.191 (   0.073s) [main thread     ]      omap_importer.cpp:147   INFO| .   Imported path object with symbol 106000
2026-04-26 18:08:42.191 (   0.073s) [main thread     ]      omap_importer.cpp:147   INFO| .   Imported path object with symbol 106000
2026-04-26 18:08:42.191 (   0.073s) [main thread     ]      omap_importer.cpp:147   INFO| .   Imported path object with symbol 101000
2026-04-26 18:08:42.191 (   0.073s) [main thread     ]      omap_importer.cpp:147   INFO| .   Imported path object with symbol 110000
2026-04-26 18:08:42.191 (   0.073s) [main thread     ]      omap_importer.cpp:147   INFO| .   Imported path object with symbol 507000
2026-04-26 18:08:42.191 (   0.073s) [main thread     ]      omap_importer.cpp:156   INFO| .   Imported point object with symbol 419000
2026-04-26 18:08:42.191 (   0.073s) [main thread     ]      omap_importer.cpp:139   INFO| .   Imported area object with symbol 410000
2026-04-26 18:08:42.191 (   0.073s) [main thread     ]      omap_importer.cpp:139   INFO| .   Imported area object with symbol 410000
2026-04-26 18:08:42.191 (   0.073s) [main thread     ]      omap_importer.cpp:139   INFO| .   Imported area object with symbol 407000
2026-04-26 18:08:42.191 (   0.073s) [main thread     ]      omap_importer.cpp:139   INFO| .   Imported area object with symbol 403000
2026-04-26 18:08:42.191 (   0.073s) [main thread     ]      omap_importer.cpp:139   INFO| .   Imported area object with symbol 404000
2026-04-26 18:08:42.191 (   0.073s) [main thread     ]      omap_importer.cpp:147   INFO| .   Imported path object with symbol 509000
2026-04-26 18:08:42.191 (   0.073s) [main thread     ]      omap_importer.cpp:139   INFO| .   Imported area object with symbol 403000
2026-04-26 18:08:42.191 (   0.073s) [main thread     ]      omap_importer.cpp:147   INFO| .   Imported path object with symbol 509000
2026-04-26 18:08:42.191 (   0.073s) [main thread     ]      omap_importer.cpp:139   INFO| .   Imported area object with symbol 403000
2026-04-26 18:08:42.191 (   0.073s) [main thread     ]      omap_importer.cpp:139   INFO| .   Imported area object with symbol 403000
2026-04-26 18:08:42.191 (   0.073s) [main thread     ]      omap_importer.cpp:139   INFO| .   Imported area object with symbol 410000
2026-04-26 18:08:42.191 (   0.073s) [main thread     ]      omap_importer.cpp:147   INFO| .   Imported path object with symbol 416000
2026-04-26 18:08:42.191 (   0.073s) [main thread     ]      omap_importer.cpp:139   INFO| .   Imported area object with symbol 403000
2026-04-26 18:08:42.191 (   0.073s) [main thread     ]      omap_importer.cpp:147   INFO| .   Imported path object with symbol 509000
2026-04-26 18:08:42.191 (   0.073s) [main thread     ]      omap_importer.cpp:147   INFO| .   Imported path object with symbol 509000
2026-04-26 18:08:42.191 (   0.073s) [main thread     ]      omap_importer.cpp:147   INFO| .   Imported path object with symbol 509000
2026-04-26 18:08:42.191 (   0.073s) [main thread     ]      omap_importer.cpp:147   INFO| .   Imported path object with symbol 103000
2026-04-26 18:08:42.191 (   0.073s) [main thread     ]      omap_importer.cpp:139   INFO| .   Imported area object with symbol 409000
2026-04-26 18:08:42.191 (   0.073s) [main thread     ]      omap_importer.cpp:139   INFO| .   Imported area object with symbol 408000
2026-04-26 18:08:42.191 (   0.073s) [main thread     ]      omap_importer.cpp:147   INFO| .   Imported path object with symbol 509000
2026-04-26 18:08:42.191 (   0.073s) [main thread     ]      omap_importer.cpp:129   WARN| .   Object with symbol ID 156 has no associated symbol
2026-04-26 18:08:42.191 (   0.073s) [main thread     ]      omap_importer.cpp:139   INFO| .   Imported area object with symbol 527000
2026-04-26 18:08:42.191 (   0.073s) [main thread     ]      omap_importer.cpp:147   INFO| .   Imported path object with symbol 414000
2026-04-26 18:08:42.191 (   0.073s) [main thread     ]      omap_importer.cpp:147   INFO| .   Imported path object with symbol 414000
2026-04-26 18:08:42.191 (   0.073s) [main thread     ]      omap_importer.cpp:139   INFO| .   Imported area object with symbol 410000
2026-04-26 18:08:42.191 (   0.073s) [main thread     ]      omap_importer.cpp:139   INFO| .   Imported area object with symbol 408000
2026-04-26 18:08:42.191 (   0.073s) [main thread     ]      omap_importer.cpp:139   INFO| .   Imported area object with symbol 410000
2026-04-26 18:08:42.191 (   0.073s) [main thread     ]      omap_importer.cpp:139   INFO| .   Imported area object with symbol 527000
2026-04-26 18:08:42.191 (   0.073s) [main thread     ]      omap_importer.cpp:139   INFO| .   Imported area object with symbol 527000
2026-04-26 18:08:42.191 (   0.073s) [main thread     ]      omap_importer.cpp:147   INFO| .   Imported path object with symbol 414000
2026-04-26 18:08:42.191 (   0.073s) [main thread     ]         map_parser.cpp:27    INFO| .   Import successful:
	Number of symbols: 92
	Number of colors: 0
	Number of objects: 538
		Number of point objects: 32
		Number of path objects: 209
		Number of area objects: 297
		Number of obstructing area objects: 257
		Number of vegetation supporting area objects: 105

2026-04-26 18:08:42.191 (   0.073s) [main thread     ]         map_parser.cpp:48    INFO| .   Successfully imported map from /home/ace/.local/share/godot/app_userdata/ProceduralFoliageGenerator/GenerationCache/2026-4-26-18-8-forestsample.omap
2026-04-26 18:08:42.191 (   0.073s) [main thread     ]                app.cpp:96    INFO| .   Map parsing successful
2026-04-26 18:08:42.191 (   0.073s) [main thread     ]                app.cpp:135   INFO| .   Generator building started
2026-04-26 18:08:42.191 (   0.073s) [main thread     ]                app.cpp:152   INFO| .   Generator building successful
2026-04-26 18:08:42.191 (   0.073s) [main thread     ]                app.cpp:49    INFO| } 0.074 s: App initialization started
2026-04-26 18:08:42.191 (   0.073s) [main thread     ]                app.cpp:154   INFO| App initialized
2026-04-26 18:08:42.191 (   0.073s) [main thread     ]                app.cpp:165   INFO| { Generation started
2026-04-26 18:08:42.191 (   0.073s) [main thread     ]          generator.cpp:74    INFO| .   { Forest masking...
2026-04-26 18:08:42.215 (   0.098s) [main thread     ]          generator.cpp:74    INFO| .   } 0.024 s: Forest masking...
2026-04-26 18:08:42.215 (   0.098s) [main thread     ]          generator.cpp:88    INFO| .   { Masking obstructing objects for intersection tests...
2026-04-26 18:08:42.404 (   0.287s) [main thread     ]          generator.cpp:88    INFO| .   } 0.189 s: Masking obstructing objects for intersection tests...
2026-04-26 18:08:42.405 (   0.287s) [main thread     ]          generator.cpp:94    INFO| .   { Seeds initialization...
2026-04-26 18:08:42.424 (   0.306s) [main thread     ]          generator.cpp:94    INFO| .   } 0.020 s: Seeds initialization...
2026-04-26 18:08:42.424 (   0.306s) [main thread     ]          generator.cpp:101   INFO| .   { Labeling of initial set of seeds...
2026-04-26 18:08:42.424 (   0.307s) [main thread     ]          generator.cpp:109   INFO| .   .   Number of oak seeds: 870
2026-04-26 18:08:42.424 (   0.307s) [main thread     ]          generator.cpp:109   INFO| .   .   Number of pine seeds: 0
2026-04-26 18:08:42.424 (   0.307s) [main thread     ]          generator.cpp:109   INFO| .   .   Number of acacia seeds: 0
2026-04-26 18:08:42.424 (   0.307s) [main thread     ]          generator.cpp:109   INFO| .   .   Number of birch seeds: 189
2026-04-26 18:08:42.424 (   0.307s) [main thread     ]          generator.cpp:109   INFO| .   .   Number of walnut seeds: 0
2026-04-26 18:08:42.424 (   0.307s) [main thread     ]          generator.cpp:101   INFO| .   } 0.000 s: Labeling of initial set of seeds...
2026-04-26 18:08:42.424 (   0.307s) [main thread     ]          generator.cpp:115   INFO| .   { Labeling of all other seeds started!
2026-04-26 18:08:42.425 (   0.307s) [main thread     ]          generator.cpp:119   INFO| .   .   Number of oak seeds: 588
2026-04-26 18:08:42.425 (   0.307s) [main thread     ]          generator.cpp:119   INFO| .   .   Number of pine seeds: 0
2026-04-26 18:08:42.425 (   0.307s) [main thread     ]          generator.cpp:119   INFO| .   .   Number of acacia seeds: 0
2026-04-26 18:08:42.425 (   0.307s) [main thread     ]          generator.cpp:119   INFO| .   .   Number of birch seeds: 471
2026-04-26 18:08:42.425 (   0.307s) [main thread     ]          generator.cpp:119   INFO| .   .   Number of walnut seeds: 0
2026-04-26 18:08:42.425 (   0.307s) [main thread     ]          generator.cpp:115   INFO| .   } 0.000 s: Labeling of all other seeds started!
2026-04-26 18:08:42.425 (   0.307s) [main thread     ]          generator.cpp:123   INFO| .   Seeds result: 1059
	Number of active seeds: 1059
	Number of inactive seeds: 0
	Number of classified seeds: 1059
2026-04-26 18:08:42.425 (   0.307s) [main thread     ]          generator.cpp:127   INFO| .   { Vegetation maximalization
2026-04-26 18:08:42.434 (   0.316s) [main thread     ]          generator.cpp:130   INFO| .   .   Seeds scaled: 1023
	Number of active seeds: 1023
	Number of inactive seeds: 0
	Number of classified seeds: 1023
2026-04-26 18:08:42.434 (   0.316s) [main thread     ]          generator.cpp:127   INFO| .   } 0.009 s: Vegetation maximalization
2026-04-26 18:08:42.434 (   0.316s) [main thread     ]          generator.cpp:136   INFO| .   { Vegetation maximalization
2026-04-26 18:08:42.442 (   0.324s) [main thread     ]          generator.cpp:139   INFO| .   .   Seeds scaled: 1015
	Number of active seeds: 1015
	Number of inactive seeds: 0
	Number of classified seeds: 1015
2026-04-26 18:08:42.442 (   0.324s) [main thread     ]          generator.cpp:136   INFO| .   } 0.008 s: Vegetation maximalization
2026-04-26 18:08:42.444 (   0.326s) [main thread     ]                app.cpp:188   INFO| .   Generation successful
2026-04-26 18:08:42.444 (   0.327s) [main thread     ]                app.cpp:165   INFO| } 0.253 s: Generation started
2026-04-26 18:08:42.444 (   0.327s) [main thread     ]                app.cpp:213   INFO| Generation ended
2026-04-26 18:08:42.444 (   0.327s) [main thread     ]                app.cpp:218   INFO| App cleanup started
2026-04-26 18:08:42.444 (   0.327s) [main thread     ]                app.cpp:221   INFO| App cleanup successful
2026-04-26 18:08:42.452 (   0.334s) [main thread     ]             loguru.cpp:538   INFO| atexit
